business_id,normalized_price,OutdoorSeating,RestaurantsReservations,category_cluster_1,category_cluster_2,category_cluster_3,category_cluster_4,category_cluster_5,category_cluster_6,category_cluster_7,category_cluster_8,category_cluster_9
L7wxpQOteDpED0zcn4hsHQ,0.0,1,0,0,0,0,0,0,0,0,0,1
WmYTH7lcDV-eikAlC2UXcQ,0.3333333333333333,1,1,0,0,0,0,0,0,0,0,1
VCcRIwKQPhfS3LOWnhPx3Q,0.3333333333333333,0,1,0,0,0,0,0,0,0,0,1
StvwzSjNX5Aki0yBafTcmA,0.3333333333333333,0,0,0,0,0,0,0,0,0,0,1
HpCsADSPPSoCghfcZeT55w,0.3333333333333333,1,1,0,0,0,0,0,0,0,0,1
mBcvp7NarEQEviJyRiX23Q,0.3333333333333333,1,0,0,0,0,0,0,0,0,0,1
j2580WwGiOO7IUlY7jOyRQ,0.0,0,0,0,0,0,0,0,0,0,0,1
_PundYs-vjo7ELl8lh264A,0.0,0,0,0,0,0,0,0,0,0,0,1
kINOfJQjPY7kmpfH03fPXg,0.3333333333333333,1,0,0,0,0,0,0,0,0,0,1
8Xk9nyQkaLZyWJcZrwX2uA,0.3333333333333333,0,0,0,0,0,0,0,0,0,0,1
5yHr68eo0ccYUMSx1bQFcA,0.3333333333333333,0,0,0,0,0,0,0,0,0,0,1
4TleqRlbwgXcIgz33HjLJQ,0.3333333333333333,1,0,0,0,0,0,0,0,0,0,1
JXHEyz6h5xl5Xd2ZpmXceQ,0.3333333333333333,0,0,0,0,0,0,0,0,0,0,1
0NZkEpA4VeOy7b56KYGx_Q,0.3333333333333333,0,1,0,0,0,0,0,0,0,0,1
waLd1ruvJl_Ur0lVFxEzrw,0.3333333333333333,0,0,0,0,0,0,0,0,0,0,1
_qTgNBEvVhcXD1lHksz8RQ,0.0,0,0,0,0,0,0,0,0,0,0,1
oN0HEVZHX-u9yYKsYLuXEg,0.3333333333333333,0,0,0,0,0,0,0,0,0,0,1
Sw8rvE6SwsbeniT3aGUJZQ,0.3333333333333333,1,0,0,0,0,0,0,0,0,0,1
7ormmSk9UQxdS5QLCLD9Ew,0.3333333333333333,0,0,0,0,0,0,0,0,0,0,1
cAZzKens_VhKXw002XfJgw,0.0,1,0,0,0,0,0,0,0,0,0,1
pFwBaG-6kvrGgSRfIhgPKQ,0.3333333333333333,0,0,0,0,0,0,0,0,0,0,1
rIqkOMxkeoqvUzl909gNmQ,0.0,0,0,0,0,0,0,0,0,0,0,1
xbsTbXKfuV8sIINTUQT0Dg,0.0,1,0,0,0,0,0,0,0,0,0,1
2uWtuSX33e2fKGQvpS6b7Q,0.3333333333333333,0,0,0,0,0,0,0,0,0,0,1
PPEjKBvE2lV6JNUVnSHkFA,0.0,0,0,0,0,0,0,0,0,0,0,1
-xgmh7w82mp61c9ZGYEi5A,0.3333333333333333,1,0,0,0,0,0,0,0,0,0,1
ED-6JeGGo8C_m7MiSB36Zw,0.3333333333333333,0,0,0,0,0,0,0,0,0,0,1
pHBwvBG3iZdOfpLNZTkVWQ,0.0,0,0,0,0,0,0,0,0,0,0,1
BDiY_LD44UO3vplJ6L9fhw,0.3333333333333333,0,0,0,0,0,0,0,0,0,0,1
JHgfIjfB_C5LH3r7e8hV3g,0.0,1,0,0,0,0,0,0,0,0,0,1
nIlmZLuMs0JuBRvAHSIf8Q,0.3333333333333333,0,0,0,0,0,0,0,0,0,0,1
wT-pzGY8rJ_xbTJDKaSl8A,0.0,0,0,0,0,0,0,0,0,0,0,1
PLCkzbVa1JXpc87SoHiOgQ,0.0,0,0,0,0,0,0,0,0,0,0,1
TkjhBKKptIu-7xJb-Oxy4Q,0.0,0,0,0,0,0,0,0,0,0,0,1
w2gys8QVC58VO5o2I0E9Rg,0.3333333333333333,0,0,0,0,0,0,0,0,0,0,1
4jONpl2rUUJvt7UnNBOX4A,0.3333333333333333,0,0,0,0,0,0,0,0,0,0,1
ZItR6OeBp4MX2LjqCS7TFw,0.0,0,0,0,0,0,0,0,0,0,0,1
oJrJaagQTqi-pmz5ZbOp7w,0.3333333333333333,0,0,0,0,0,0,0,0,0,0,1
b5_ZIVZHjYjzUUsMB-5b7w,0.6666666666666666,1,1,0,0,0,0,0,0,0,0,1
6sLkF8DP4U-8r1qcDauM5g,0.3333333333333333,0,0,0,0,0,0,0,0,0,0,1
iUhLGy41VYrLVAhJFH4x_w,0.3333333333333333,0,0,0,0,0,0,0,0,0,0,1
Rk7WpAeDuEj85ULgWk3xhQ,0.3333333333333333,1,0,0,0,0,0,0,0,0,0,1
MOqxUxYiMXCdwhO6Oe-8Ow,0.3333333333333333,0,0,0,0,0,0,0,0,0,0,1
X7TvrNg6jY1Q0JHJXjlQ2g,0.3333333333333333,1,0,0,0,0,0,0,0,0,0,1
l6gKBfHU0YB4p2-XWNTglA,0.3333333333333333,0,0,0,0,0,0,0,0,0,0,1
z4yBWuipKoas_hK9RrSARA,0.3333333333333333,0,0,0,0,0,0,0,0,0,0,1
cga_fZV1egLtyVSLb6TGhg,0.3333333333333333,1,1,0,0,0,0,0,0,0,0,1
uTUTULYSAmHGK7w5DDw5iA,0.0,0,0,0,0,0,0,0,0,0,0,1
Gd6yIH-qhf9uCdtUWs382g,0.3333333333333333,0,0,0,0,0,0,0,0,0,0,1
MCSyG3ndsNFJN-F9MQWM0A,0.3333333333333333,0,0,0,0,0,0,0,0,0,0,1
un20fcU_7BEQzWueoVZT0w,0.3333333333333333,0,0,0,0,0,0,0,0,0,0,1
15lTva4TjdKvCoer9JMKSg,0.3333333333333333,0,0,0,0,0,0,0,0,0,0,1
_n539Sga7PCvHQs--a4qkA,0.3333333333333333,0,0,0,0,0,0,0,0,0,0,1
hc7I_QpCszT3mlIP9uW19w,0.3333333333333333,0,0,0,0,0,0,0,0,0,0,1
2cfEAFZZee8fq3Xx6yZ87w,0.3333333333333333,1,0,0,0,0,0,0,0,0,0,1
6YVzV8cIn28pOPmXoQra1g,0.3333333333333333,1,0,0,0,0,0,0,0,0,0,1
mBgfK8HLthPOMPkEbYLW-A,0.0,1,0,0,0,0,0,0,0,0,0,1
dJKg1uEIE7cst91x8F_PSw,0.0,1,0,0,0,0,0,0,0,0,0,1
J-6zITFsxeTL3wLBeDDSWg,0.3333333333333333,1,0,0,0,0,0,0,0,0,0,1
Lxj_xf86x2GFPP8FG0_5tg,0.3333333333333333,0,0,0,0,0,0,0,0,0,0,1
UmrkBqWwGD8rFiYPoawmoA,0.3333333333333333,0,0,0,0,0,0,0,0,0,0,1
yPrNoVfE90iZxSYzty7RNw,0.3333333333333333,1,0,0,0,0,0,0,0,0,0,1
yQYv1qRZ5zG-1UZJtHZlcQ,0.3333333333333333,1,0,0,0,0,0,0,0,0,0,1
vlUDK6R08DZAmTzaIsFuPQ,0.3333333333333333,0,0,0,0,0,0,0,0,0,0,1
u6d3yxe7hns5veswWcSdXA,0.3333333333333333,1,0,0,0,0,0,0,0,0,0,1
js8ZrAG63h81Lt83wweSwg,0.3333333333333333,1,0,0,0,0,0,0,0,0,0,1
y2Y6TerXTiVRbnFcAuMXEA,0.3333333333333333,0,0,0,0,0,0,0,0,0,0,1
PnLPuCfVFYZPbapKSpzKZQ,0.3333333333333333,0,0,0,0,0,0,0,0,0,0,1
Qt-yEn_BymopCRwkSJEW2g,0.0,0,0,0,0,0,0,0,0,0,0,1
_msFUghqBbYNmO8grFJNAQ,0.3333333333333333,0,0,0,0,0,0,0,0,0,0,1
XuO9tZt0mEJeawrrt0R52g,0.0,0,1,0,0,0,0,0,0,0,0,1
evM71YsOcaH9NVNWbJqMxg,0.3333333333333333,0,0,0,0,0,0,0,0,0,0,1
m2QC6syUBosOCBNTwpci7A,0.3333333333333333,0,0,0,0,0,0,0,0,0,0,1
AHtX7vm26KgfX4Mcx8M6pA,0.0,0,0,0,0,0,0,0,0,0,0,1
73SCAor6x6Acyv5cEp2Whg,0.0,0,0,0,0,0,0,0,0,0,0,1
yqSy1-3O1ldt-YWQT7YACw,0.3333333333333333,1,0,0,0,0,0,0,0,0,0,1
QIEajLDnaNgFrCHWmiXCaQ,0.0,1,0,0,0,0,0,0,0,0,0,1
vVfy055EfLMdd0yJYHxiMQ,0.3333333333333333,1,0,0,0,0,0,0,0,0,0,1
Xkdu_37aNqJxilh9XQSmEA,0.3333333333333333,1,0,0,0,0,0,0,0,0,0,1
W7S0G6eLDFSoxVBpaU33Rg,0.3333333333333333,0,0,0,0,0,0,0,0,0,0,1
YxObfIypwDrJ8TbwLkqwEw,0.3333333333333333,0,0,0,0,0,0,0,0,0,0,1
k1nxMoD-KHswR0lC0tujpg,0.3333333333333333,1,1,0,0,0,0,0,0,0,0,1
Ei0wJeADbNtwvA9CrvknJw,0.0,1,0,0,0,0,0,0,0,0,0,1
kxsZpxBlYDFd-e0sh_c0mA,0.3333333333333333,0,0,0,0,0,0,0,0,0,0,1
ZufSfqQ4RfUk4RAQgnlc0Q,0.3333333333333333,0,0,0,0,0,0,0,0,0,0,1
WHzeDa97M_eU1FEZaLJ_tw,0.0,0,0,0,0,0,0,0,0,0,0,1
vUDuc-y6kKnauHAkqXwEYQ,0.3333333333333333,0,0,0,0,0,0,0,0,0,0,1
9RFPD2h1FdP7ASKk8iGSMQ,0.0,0,0,0,0,0,0,0,0,0,0,1
6c8eIawbCBu3FLp2kDraBA,0.3333333333333333,1,1,0,0,0,0,0,0,0,0,1
nk2a2nI1jfln9zLpxEvTnw,0.0,0,0,0,0,0,0,0,0,0,0,1
f0xvxhU8xH5CzvS03L1PBA,0.3333333333333333,0,0,0,0,0,0,0,0,0,0,1
uCBEcUgXHrKH72fB8TwKAg,0.0,1,0,0,0,0,0,0,0,0,0,1
EHUNi6ZX3z8KaXFjGtDd7w,0.3333333333333333,1,0,0,0,0,0,0,0,0,0,1
PPjb-hFfmyE9uVj-zm5L8w,0.3333333333333333,0,0,0,0,0,0,0,0,0,0,1
T0qzsFxkHK9w1afnmns4fw,0.3333333333333333,0,0,0,0,0,0,0,0,0,0,1
lmIGt2Y4xKYDxSqGMpu0EA,0.3333333333333333,1,1,0,0,0,0,0,0,0,0,1
d_v34pr_SaxJfOo1ousAIQ,0.3333333333333333,1,1,0,0,0,0,0,0,0,0,1
8W4w1sXXDER5ujjE-cuOFg,0.3333333333333333,0,0,0,0,0,0,0,0,0,0,1
kkgaPaqs3VKdlPUCwCv3kw,0.0,0,0,0,0,0,0,0,0,0,0,1
rvceeMn_mPxVGOToGWWMGg,0.3333333333333333,0,0,0,0,0,0,0,0,0,0,1
UFNpCQq1_eLnP1oSjMkRCA,0.3333333333333333,0,0,0,0,0,0,0,0,0,0,1
DaXCyZLm8yBsR1UndzSfhw,0.0,0,0,0,0,0,0,0,0,0,0,1
-SgBPXjleGQqruChlFE03w,0.3333333333333333,0,0,0,0,0,0,0,0,0,0,1
c0Y9Fi2KSrthgsczdAPZ_g,0.3333333333333333,0,0,0,0,0,0,0,0,0,0,1
XNqXFyK0vUSBa7Fk8Lv_lQ,0.3333333333333333,0,0,0,0,0,0,0,0,0,0,1
-NFHQ0ePNYu6SrwekdhcBw,0.3333333333333333,0,0,0,0,0,0,0,0,0,0,1
4h6Fhm5g9mlNBN6nBLwWSA,0.3333333333333333,1,0,0,0,0,0,0,0,0,0,1
Jbm9hgnWZGPtWEf-_iNilg,0.3333333333333333,1,0,0,0,0,0,0,0,0,0,1
Lv1GgMxKIpATo307UMA2Vg,0.3333333333333333,0,0,0,0,0,0,0,0,0,0,1
DbsVMg43LXjrOIWnLFOeZA,0.3333333333333333,0,0,0,0,0,0,0,0,0,0,1
0F2jyiUdl8CSKQeR1KwVig,0.0,0,0,0,0,0,0,0,0,0,0,1
Ag_GeZwOrT0nmyhnKQiVBA,0.0,0,0,0,0,0,0,0,0,0,0,1
9grEZiXcQKVgVz73W6Ah5A,0.3333333333333333,0,0,0,0,0,0,0,0,0,0,1
rdDC5Ts8NZjuGHJn4bqMAQ,0.3333333333333333,0,0,0,0,0,0,0,0,0,0,1
WllnLf3kBK5lGyPoKWICXQ,0.0,1,0,0,0,0,0,0,0,0,0,1
02qFLwwFi8T804rHcYh7Zw,0.0,0,0,0,0,0,0,0,0,0,0,1
oEcWJZDKjFbTXcOt4sqE1A,0.3333333333333333,0,0,0,0,0,0,0,0,0,0,1
x4BSeDfK8AFeguTRELNgUg,0.0,0,0,0,0,0,0,0,0,0,0,1
XHr3rn4BhvPomAlr7YePiQ,0.0,0,0,0,0,0,0,0,0,0,0,1
rmvEN4p8to8hx7o7lo8Xlg,0.0,1,0,0,0,0,0,0,0,0,0,1
dUrtFfHBz15Q4GiyDFAqUw,0.3333333333333333,1,0,0,0,0,0,0,0,0,0,1
Vd0YOj5GVv-Nxeo06HCfjA,0.0,1,1,0,0,0,0,0,0,0,0,1
awiWJQVgs-Obsd7lB-m01w,0.3333333333333333,0,0,0,0,0,0,0,0,0,0,1
lkQP24RF-W7Hvb2WOPJWAw,0.3333333333333333,1,0,0,0,0,0,0,0,0,0,1
8q1goL8IPTfNMdEPm5ssQA,0.3333333333333333,1,0,0,0,0,0,0,0,0,0,1
rqmZ3JVVBQVxU0hZ_sXhmA,0.0,0,0,0,0,0,0,0,0,0,0,1
6mkwPyb919Xwej65K7AkEw,0.3333333333333333,0,0,0,0,0,0,0,0,0,0,1
Kt4NZ9IXvRCHI8qvV0h8qg,0.0,1,0,0,0,0,0,0,0,0,0,1
qkMMkIdghXUiN7eMNSpiHg,0.0,0,0,0,0,0,0,0,0,0,0,1
Bcsd8ZedTR5VK1DcGnmDtg,0.0,0,0,0,0,0,0,0,0,0,0,1
cSaoPFiZUzaTgnxM91KgXg,0.3333333333333333,0,0,0,0,0,0,0,0,1,0,0
kbzE-4P0okWr_JIXm7txyQ,0.3333333333333333,0,0,0,0,0,0,0,0,1,0,0
wSuEwNNOTSH8LJcH1PJAYg,0.0,0,0,0,0,0,0,0,0,1,0,0
phsLOuBeiYI43hglvWK96Q,0.3333333333333333,1,0,0,0,0,0,0,0,1,0,0
I8IPPZvEPdb_xG0nGIMyjA,0.3333333333333333,0,1,0,0,0,0,0,0,1,0,0
YBak8o0xCiNN4sXr3izLbg,0.3333333333333333,1,0,0,0,0,0,0,0,1,0,0
ES5-3q2LzvChQWlhbFCZWw,0.3333333333333333,0,0,0,0,0,0,0,0,1,0,0
9A5Gw0At6so0x-vWM0_JZw,0.0,1,0,0,0,0,0,0,0,1,0,0
tvGlen-jTl9alu0sU3bqgg,0.3333333333333333,0,0,0,0,0,0,0,0,1,0,0
QpfFe76H-VCCYvA8qUABrA,0.0,0,0,0,0,0,0,0,0,1,0,0
B2u8anybTXox0SiUOqIAfg,0.0,0,0,0,0,0,0,0,0,1,0,0
WetGZHi6Q_A-zxujdzjVJg,0.3333333333333333,0,0,0,0,0,0,0,0,1,0,0
v72qGvd53IxhM2m8aatOpg,0.3333333333333333,0,0,0,0,0,0,0,0,1,0,0
h7TO_IsmLCYmKKDVOOIeFw,0.3333333333333333,0,1,0,0,0,0,0,0,1,0,0
peg-QfuNihvtk4P1jpuMCQ,0.0,1,0,0,0,0,0,0,0,1,0,0
q9Pupuw6Z2b8WaYK-MGt4g,0.3333333333333333,1,0,0,0,0,0,0,0,1,0,0
lTBPksND75qaWNqmlseICQ,0.3333333333333333,0,0,0,0,0,0,0,0,1,0,0
oz5GyYc_R2-CB10nrV1Psw,0.3333333333333333,1,0,0,0,0,0,0,0,1,0,0
4D_GsaRoqk7P09VOcgezlQ,0.0,1,0,0,0,0,0,0,0,1,0,0
0JoB3ThhI-DS78-1Ks1EUQ,0.0,0,0,0,0,0,0,0,0,1,0,0
2CDI713ATuxHfnB5b-sBdw,0.6666666666666666,1,1,0,0,0,0,0,0,1,0,0
bRhnVTfuxDchyFguyDzuDQ,0.3333333333333333,0,0,0,0,0,0,0,0,1,0,0
BRl-KarobZBNuCvhz5RWKg,0.3333333333333333,0,1,0,0,0,0,0,0,1,0,0
UtibXZzwJekiDzwys4I19A,0.0,0,0,0,0,0,0,0,0,1,0,0
aLJN5-DBnNM2C7FjPPQA2A,0.3333333333333333,0,0,0,0,0,0,0,0,1,0,0
V9pSmHb0c-9SSqx5GJbYPg,0.3333333333333333,0,1,0,0,0,0,0,0,1,0,0
ahe0FLpwndB3E6uszBe23A,0.3333333333333333,0,0,0,0,0,0,0,0,1,0,0
Xk0S3pykXk65CrvvtwqNEw,0.3333333333333333,0,1,0,0,0,0,0,0,1,0,0
_bEvzJhjkel_mu6nO4-M4w,0.3333333333333333,0,0,0,0,0,0,0,0,1,0,0
vwAhm3pRjCEz_jNXr9vMaA,0.0,0,0,0,0,0,0,0,0,1,0,0
gXf19lUQxuFGAqn0S_ytuQ,0.0,0,0,0,0,0,0,0,0,1,0,0
EPMHuTHu46B123ivRIZ-Xg,0.0,0,0,0,0,0,0,0,0,1,0,0
WdS2zyg6lJNeTLMIvkmWAQ,0.3333333333333333,0,1,0,0,0,0,0,0,1,0,0
-qWhas31o61V6vC6yo6NWw,0.3333333333333333,0,0,0,0,0,0,0,0,1,0,0
__4gkf_0UJW78rkRzFm6Gw,0.3333333333333333,1,0,0,0,0,0,0,0,1,0,0
eaUSPTynZkTg3qj_drNxPQ,0.3333333333333333,0,0,0,0,0,0,0,0,1,0,0
o8LebIdVCcy1o0bSD6nT2w,0.3333333333333333,0,0,0,0,0,0,0,0,1,0,0
zEfS4bEO49G8mmQ9hhcPfw,0.3333333333333333,0,0,0,0,0,0,0,0,1,0,0
Wtr51cNrv1pYyIRg_IawYQ,0.3333333333333333,1,1,0,0,0,0,0,0,1,0,0
1r9Be3uySySGhQ7ecGMfdg,0.3333333333333333,1,0,0,0,0,0,0,0,1,0,0
P1DkSlegzHKdxJAXe0QevA,0.3333333333333333,0,0,0,0,0,0,0,0,1,0,0
ihGH3GrL9FyIXojRFcaRMg,0.3333333333333333,1,1,0,0,0,0,0,0,1,0,0
5ttu4EX5BFj3sO5GG-XYQA,0.3333333333333333,0,0,0,0,0,0,0,0,1,0,0
W6k6b-bUaX0goySzl-zgTg,0.3333333333333333,0,0,0,0,0,0,0,0,1,0,0
OUmZYqNbOj-ZgVsnWH8-0g,0.3333333333333333,0,0,0,0,0,0,0,0,1,0,0
Aiu1Tm13sMXRAGRYFZ0MUA,0.0,0,0,0,0,0,0,0,0,1,0,0
mF8czpMukj36ovHb3lGSeg,0.6666666666666666,1,1,0,0,0,0,0,0,1,0,0
7AV88DN083bPNmNue2my4Q,0.3333333333333333,0,0,0,0,0,0,0,0,1,0,0
m6RGfATGF1aL_g7oYJ-mbg,0.3333333333333333,1,0,0,0,0,0,0,0,1,0,0
RrqRin8BYGrTlJbCDwtLzA,0.0,0,0,0,0,0,0,0,0,1,0,0
6lKI4yBdi6sajDBZV-KmQA,0.3333333333333333,1,1,0,0,0,0,0,0,1,0,0
O7l6SYxKM5Skl7i-JsRJ1g,0.3333333333333333,0,1,0,0,0,0,0,0,1,0,0
0a8t_Th0jtWUMmtq0q2dqA,0.3333333333333333,0,0,0,0,0,0,0,0,1,0,0
4mt4ElDuj8ryeDn7Rcr-_g,0.3333333333333333,1,0,0,0,0,0,0,0,1,0,0
o74FfCoe-BCh75PeMjr_aA,0.0,0,1,0,0,0,0,0,0,1,0,0
GUzVgl-dYDyvCULv2CrZEA,0.6666666666666666,0,0,0,0,0,0,0,0,1,0,0
rowZsHs7UFgiL4Okqnk_Jg,0.3333333333333333,0,0,0,0,0,0,0,0,1,0,0
y6BfLt9Gvrq2JsJvjkjdIQ,0.3333333333333333,0,0,0,0,0,0,0,0,1,0,0
A4zsfXGNGeOu37dDMcKTUg,0.0,1,0,0,0,0,0,0,0,1,0,0
h5KYnGUvF4XXuy0Q8o0HtQ,0.0,0,0,0,0,0,0,0,0,1,0,0
Hr6aM0s-woIJaW6DJSbvNQ,0.3333333333333333,1,1,0,0,0,0,0,0,1,0,0
Ipx423BSHRNBXuMwUHBxqw,0.0,1,1,0,0,0,0,0,0,1,0,0
CyZrPCmQqMbXdD6SX02f6w,0.0,1,0,0,0,0,0,0,0,1,0,0
ENhzvzEbixDwE3f5G-shbg,0.3333333333333333,1,1,0,0,0,0,0,0,1,0,0
DpHiXRM3cxC9c2i4idYw0g,0.3333333333333333,0,0,0,0,0,0,0,0,1,0,0
DeSsx9UMrU3tfedZbZfCag,0.3333333333333333,0,0,0,0,0,0,0,0,1,0,0
KZ2V1ZPnrwoT0zcJunyIQw,0.3333333333333333,1,0,0,0,0,0,0,0,1,0,0
RI33oswGDkIsc0fuQ8GzjA,0.0,1,0,0,0,0,0,0,0,1,0,0
9c7MUiE6VI8NesjPdj5FkA,0.3333333333333333,0,1,0,0,0,0,0,0,1,0,0
fIlR_iCy3m10_UYt6lJjHQ,0.3333333333333333,0,0,0,0,0,0,0,0,1,0,0
qxBaXbrXManP31ytCxS2Lw,0.3333333333333333,1,1,0,0,0,0,0,0,1,0,0
cXn9eb7lsQVdxSPPPbEfYQ,0.0,0,0,0,0,0,0,0,0,1,0,0
AnZPS4hUH1TzPrrEhIjJcA,0.0,0,1,0,0,0,0,0,0,1,0,0
vzwyBgWusjT7TIyiu1A2BA,0.0,0,0,0,0,0,0,0,0,1,0,0
MdsVuBBATS0-TZhPAdzMHA,0.0,0,0,0,0,0,0,0,0,1,0,0
idH97uIodDocSlWM16Muug,0.3333333333333333,1,0,0,0,0,0,0,0,1,0,0
jLsAwortT8sdnqFLo0moqA,0.3333333333333333,1,1,0,0,0,0,0,0,1,0,0
j-WKXu1uJbB2AvY09we9ZA,0.0,1,0,0,0,0,0,0,0,1,0,0
cG6FvMfbZmD-dDtLUwE2ow,0.3333333333333333,1,1,0,0,0,0,0,0,1,0,0
DDJbil2c33o-_vGauoIOdg,0.3333333333333333,1,0,0,0,0,0,0,0,1,0,0
qmKCQtAj0tM_6WhQCa5dbA,0.3333333333333333,0,0,0,0,0,0,0,0,1,0,0
qxRTFagnexBZgDe055CjkQ,0.3333333333333333,0,1,0,0,0,0,0,0,1,0,0
r3X75SK37buS94mDls3q_Q,0.3333333333333333,0,0,0,0,0,0,0,0,1,0,0
gzDJSSkr3VD2ON7yWnCavA,0.6666666666666666,0,0,0,0,0,0,0,0,1,0,0
XsfuqDqw9eOaQ_2FCv5MuQ,0.0,1,0,0,0,0,0,0,0,1,0,0
HTDpe_9wVAch0kRZtRmAvQ,0.3333333333333333,1,0,0,0,0,0,0,0,1,0,0
ytJqPKLH6l4mpAb5x0XxVA,0.3333333333333333,0,0,0,0,0,0,0,0,1,0,0
ds4Vf2mPGm3NXb0IvpsNtQ,0.3333333333333333,0,0,0,0,0,0,0,0,1,0,0
qD6EoM0lbEA-0tfPTO9qpw,0.3333333333333333,1,1,0,0,0,0,0,0,1,0,0
r_Szx6AwqKE_wgjS5duShw,0.3333333333333333,0,1,0,0,0,0,0,0,1,0,0
HszIFq0D6aZKJwW2hVwWLw,0.0,0,1,0,0,0,0,0,0,1,0,0
Su0N7Lv_8AiV8xaV81WrVg,0.0,1,0,0,0,0,0,0,0,1,0,0
WeylzLacbhVyhnWAbUJ4SA,0.0,1,0,0,0,0,0,0,0,1,0,0
BIfo9AKEpC8oIwB60YAR_A,0.3333333333333333,0,0,1,0,0,0,0,0,0,0,0
Cpl1-0iX6N7yauiJKhpXfA,0.3333333333333333,0,1,1,0,0,0,0,0,0,0,0
EekwCjDqa9VT6Kq_aVE_0Q,0.0,0,1,1,0,0,0,0,0,0,0,0
TE6dQr_mTEoQp2GkypB9yg,0.0,1,0,1,0,0,0,0,0,0,0,0
GUMVStVaJfWmCIpQA4TtHg,0.3333333333333333,0,1,1,0,0,0,0,0,0,0,0
IiatvDg0R1qwPtKPmSOdlQ,0.3333333333333333,0,0,1,0,0,0,0,0,0,0,0
shbtvcGnl-PEQOpffwYq-w,0.3333333333333333,1,0,1,0,0,0,0,0,0,0,0
GKohndn_sMk2nWCh1jkAfg,0.3333333333333333,0,0,1,0,0,0,0,0,0,0,0
eyPjx3MbU3zoWLo6JevpiA,0.3333333333333333,1,1,1,0,0,0,0,0,0,0,0
EzjysPg2-lVX1E0ibStUXw,0.3333333333333333,0,1,1,0,0,0,0,0,0,0,0
p1R63C5BpV2rOurtC4fgdg,0.3333333333333333,0,0,1,0,0,0,0,0,0,0,0
rJSLcfePsO1pdNMnauXg8A,0.3333333333333333,0,1,1,0,0,0,0,0,0,0,0
1FeB0RbAz9kdoZsTf05arw,0.0,1,0,1,0,0,0,0,0,0,0,0
hGb-yA-llJ7hnw9NyzE52A,0.0,0,0,1,0,0,0,0,0,0,0,0
UgRHq7iXBR1skdJnnyT3Bg,0.3333333333333333,0,1,1,0,0,0,0,0,0,0,0
GaDeCypnvJKZBbv35hcpyg,0.3333333333333333,0,0,1,0,0,0,0,0,0,0,0
bV5raFcGwmElIbX9G_rWOQ,0.3333333333333333,0,1,1,0,0,0,0,0,0,0,0
B7ITvKiGMf6X1tS7Z2N9vQ,0.3333333333333333,0,0,1,0,0,0,0,0,0,0,0
WGfnSTCWAzk1xqtkJVB7RA,0.3333333333333333,0,1,1,0,0,0,0,0,0,0,0
pbcIgKDyOvecndwTOBgDPg,0.3333333333333333,1,1,1,0,0,0,0,0,0,0,0
bjKfJwNPkmkZR_Av_4VlWQ,0.3333333333333333,0,1,1,0,0,0,0,0,0,0,0
-CRjqZ4GxZ6lIa_qMj7-yw,0.0,0,0,1,0,0,0,0,0,0,0,0
-wlmZ-b35UJ-GY-59NDxyw,0.0,0,0,1,0,0,0,0,0,0,0,0
XNmR74MDEJfIiEYIbKgqaA,0.3333333333333333,0,1,1,0,0,0,0,0,0,0,0
Ix_88gFalSxSCsz5Fbnl7A,0.3333333333333333,0,0,1,0,0,0,0,0,0,0,0
7zdWY4WhiEsYsSPJhYnPZg,0.0,0,0,1,0,0,0,0,0,0,0,0
kSWXxtZzpZLrBeyv-1BUuA,0.0,0,0,1,0,0,0,0,0,0,0,0
fei9rruZ08-jy2pRz_0fNw,0.3333333333333333,0,1,1,0,0,0,0,0,0,0,0
JDv3h1xRFIW8fXckqgTdRg,0.3333333333333333,0,1,1,0,0,0,0,0,0,0,0
UNWb37aMC3nuWdszceGMxg,0.3333333333333333,0,0,1,0,0,0,0,0,0,0,0
IHcwZXi-0x3dUDH7R8YA5Q,0.0,0,1,1,0,0,0,0,0,0,0,0
FS18LbRq7vcyKQZw0bpFRQ,0.0,0,0,1,0,0,0,0,0,0,0,0
bNssht6kNekjlmT5YErBew,0.3333333333333333,0,1,1,0,0,0,0,0,0,0,0
rVGxva6cx2eID4ghDLVHJg,0.3333333333333333,1,1,1,0,0,0,0,0,0,0,0
p9Dd6AjOawHGGzcUntYr-A,0.0,1,0,1,0,0,0,0,0,0,0,0
D6iFuPJ5MHbHQafduwUHgw,0.3333333333333333,0,1,1,0,0,0,0,0,0,0,0
bVwshpRymmsAGlmXTj-bGA,0.3333333333333333,0,1,1,0,0,0,0,0,0,0,0
nIAbuktMEzVjT4P9pG89rQ,0.6666666666666666,1,1,1,0,0,0,0,0,0,0,0
oQiX2J7Qdg7pAIAcqrHNrg,0.3333333333333333,0,1,1,0,0,0,0,0,0,0,0
q0M2TAymqg-YV6VDh7Fm2g,0.3333333333333333,0,0,1,0,0,0,0,0,0,0,0
u0aAfNcZYcRaCpYeziqq8Q,0.3333333333333333,1,0,1,0,0,0,0,0,0,0,0
f3vUlNjhloQJVF01K7ENCg,0.3333333333333333,0,0,1,0,0,0,0,0,0,0,0
qtsIqEauKkbW6PvXz6aMaQ,0.3333333333333333,0,1,1,0,0,0,0,0,0,0,0
Hihrbl62a7Y6I9ca0Jm1Uw,0.3333333333333333,0,1,1,0,0,0,0,0,0,0,0
18kkPUHXsYj9qfMtiLlgJw,0.3333333333333333,0,0,1,0,0,0,0,0,0,0,0
DKXeB-JIou5XPI49CzITuQ,0.0,0,0,1,0,0,0,0,0,0,0,0
O9U5qKQRh2goWjo_LYCfyQ,0.0,0,0,1,0,0,0,0,0,0,0,0
uSW_RGoNOqOmtR1lchGxUg,0.0,0,0,1,0,0,0,0,0,0,0,0
iSHKYbQfB2q6sGnd7AD2_A,0.0,0,1,1,0,0,0,0,0,0,0,0
Ptq4bgynZgnqgyx2FQbVWw,0.3333333333333333,0,0,1,0,0,0,0,0,0,0,0
AQmW8ZREbg8ZS0AjkARDig,0.0,0,0,1,0,0,0,0,0,0,0,0
BdWmI-F_7ajVToqDDL5A4A,0.0,0,0,1,0,0,0,0,0,0,0,0
YiKhw6n1lrHrFwuY0Non7Q,0.0,0,0,1,0,0,0,0,0,0,0,0
H2c5e7PfcCg9f9Ew19-xRw,0.3333333333333333,0,0,1,0,0,0,0,0,0,0,0
XyR_5dGY1-SqPUQ48_6R0w,0.0,0,0,1,0,0,0,0,0,0,0,0
5JDr2Y3Z90swrBJtVH0oNw,0.3333333333333333,0,0,1,0,0,0,0,0,0,0,0
qsm7SkX60JsajT7Yz248FA,0.3333333333333333,0,0,1,0,0,0,0,0,0,0,0
K-t2yan_iLwcxYf7-1Or5w,0.3333333333333333,0,1,1,0,0,0,0,0,0,0,0
b1pdnbYvBdtTxJOOom5WmA,0.0,0,0,1,0,0,0,0,0,0,0,0
AFG0Xm_iVHyCgikI97F8Yg,0.3333333333333333,0,1,1,0,0,0,0,0,0,0,0
BoEcsaokOWStr04tQqr24A,0.3333333333333333,0,1,1,0,0,0,0,0,0,0,0
7hwH3wiWB17U9Nw4EjJo0A,0.3333333333333333,0,1,1,0,0,0,0,0,0,0,0
PmdNRZ2Xrk23ek6EY_mZ-g,0.3333333333333333,0,0,1,0,0,0,0,0,0,0,0
c0eRjo4okGY_ppuwTjNYzQ,0.3333333333333333,1,0,1,0,0,0,0,0,0,0,0
brqnz3tOKwc8nPnGhR_NKA,0.0,0,0,1,0,0,0,0,0,0,0,0
Zk_GdMMPgEfKUECCxAxvwQ,0.3333333333333333,0,0,1,0,0,0,0,0,0,0,0
UTm85DD1C_GMNrDzJVT9nA,0.0,0,0,1,0,0,0,0,0,0,0,0
l8gAoQqqVfphPe9jmIJZ3g,0.6666666666666666,0,1,1,0,0,0,0,0,0,0,0
sbEs9aLKIpF31VsH7DY1gA,0.0,0,0,1,0,0,0,0,0,0,0,0
eFKG-I-rfuBmzWlDoiZwRQ,0.3333333333333333,0,1,1,0,0,0,0,0,0,0,0
1UKBAgYxI9Qax3AA4ULw_w,0.3333333333333333,0,0,1,0,0,0,0,0,0,0,0
GO_skt70UblyW4gYss2-EQ,0.6666666666666666,0,1,1,0,0,0,0,0,0,0,0
2foZO5xadGFXF-ECeFWbPA,0.0,0,0,1,0,0,0,0,0,0,0,0
y9XVl5058TPjHcO6O2HBaA,0.0,0,0,1,0,0,0,0,0,0,0,0
Rtax3cbGkOlDISWD8KXinA,0.0,0,0,1,0,0,0,0,0,0,0,0
4HLur5bFXB6pT0o4ao3wgA,0.3333333333333333,0,1,1,0,0,0,0,0,0,0,0
7Ct4QuWaY63DkAOXqEiVGA,0.0,0,0,1,0,0,0,0,0,0,0,0
y1OnXk_6L74oM4ehHqVYgw,0.3333333333333333,0,0,1,0,0,0,0,0,0,0,0
8VZd61Jo4WUdacQuRjrZoQ,0.0,0,0,1,0,0,0,0,0,0,0,0
uY4LSPsa3bVKzYQitbfsUw,0.3333333333333333,0,0,1,0,0,0,0,0,0,0,0
KjdGQMxhgW25Fn_A-DNY4w,0.3333333333333333,0,0,1,0,0,0,0,0,0,0,0
csBftms0brareTQSFGwpgA,0.3333333333333333,0,0,1,0,0,0,0,0,0,0,0
T72tpiOTqLPOwuXTgDWxnQ,0.3333333333333333,0,1,1,0,0,0,0,0,0,0,0
oRLG5fJrGJzzj4AO4yjqMg,0.3333333333333333,0,1,1,0,0,0,0,0,0,0,0
J8UPVO_FTALzvJ0tlMdr8w,0.3333333333333333,0,1,1,0,0,0,0,0,0,0,0
oiTf2LUZwcbgm0U-jH0y2Q,0.0,0,0,1,0,0,0,0,0,0,0,0
pcy24IuPvHpj3bHvP6EitA,0.3333333333333333,0,0,1,0,0,0,0,0,0,0,0
-n_beuzQuajaezPD2PyQvA,0.3333333333333333,0,0,1,0,0,0,0,0,0,0,0
pFgkDEm69IhsQxI93BDbyQ,0.0,0,0,1,0,0,0,0,0,0,0,0
md1n17dYrlCxmQul8CR38g,0.3333333333333333,1,1,1,0,0,0,0,0,0,0,0
yEKmlxvhA2EWrMLbwWi7Hw,0.3333333333333333,0,1,1,0,0,0,0,0,0,0,0
ws6TIgXXA-5RSHRrMBEktA,0.3333333333333333,0,1,1,0,0,0,0,0,0,0,0
xZBx-Xzoi2dBK4axnT-Lrw,0.0,0,0,1,0,0,0,0,0,0,0,0
Of3xjnH-jwwfZule44ihOg,0.3333333333333333,0,1,1,0,0,0,0,0,0,0,0
lS42krxXMm-HIk7dntRsKQ,0.3333333333333333,0,1,1,0,0,0,0,0,0,0,0
9sEzWuaOicYlbp9a6A829A,0.0,0,0,1,0,0,0,0,0,0,0,0
iZ9fg8Dm3SsHa5BqXktGtw,0.3333333333333333,0,1,1,0,0,0,0,0,0,0,0
6g3pHoyXeMXFC7WD0rbJMA,0.3333333333333333,0,0,1,0,0,0,0,0,0,0,0
HHKK6IAvrQrZnw3wmYmjPA,0.3333333333333333,0,1,1,0,0,0,0,0,0,0,0
LOERTipUKUhDq6BayAXqUg,0.3333333333333333,0,1,1,0,0,0,0,0,0,0,0
Izml8vnd3ndJ__ocSu37Vg,0.3333333333333333,0,1,1,0,0,0,0,0,0,0,0
22uHGWZ2WkhvmZDVBGcdEQ,0.3333333333333333,0,0,1,0,0,0,0,0,0,0,0
vUkiYPpbkMXA99WneLSGkQ,0.3333333333333333,0,1,1,0,0,0,0,0,0,0,0
Z1BXJmTyQKhJ-C4lCBpAZQ,0.3333333333333333,0,1,1,0,0,0,0,0,0,0,0
1el_4ywdqa2lIsI1YPEbsg,0.3333333333333333,0,1,1,0,0,0,0,0,0,0,0
tdWrPT2XT2NpPtfQQhf08w,0.3333333333333333,0,1,1,0,0,0,0,0,0,0,0
1gORtnWyZrRc0kPG1-EeWw,0.3333333333333333,0,1,1,0,0,0,0,0,0,0,0
kfXc2ltpRCkqA4yV87jj7A,0.3333333333333333,0,0,1,0,0,0,0,0,0,0,0
kiA1mrC2ZVoRmpsWgAT7ow,0.3333333333333333,0,1,1,0,0,0,0,0,0,0,0
HUvd-1wcHrVftpX6OjiN-A,0.0,0,0,1,0,0,0,0,0,0,0,0
iksVwRfpWymIUUFqw0tXpw,0.3333333333333333,0,1,1,0,0,0,0,0,0,0,0
EQWt7FQ3fPOwIKrt8s_jrg,0.3333333333333333,0,0,1,0,0,0,0,0,0,0,0
n4GDJsQAyBrcWduMjcJ-4g,0.3333333333333333,0,1,1,0,0,0,0,0,0,0,0
qY-BUQY-SFBaSrFHowF3nA,0.3333333333333333,0,0,1,0,0,0,0,0,0,0,0
13HH552okR9DsjANReVeFQ,0.3333333333333333,0,1,1,0,0,0,0,0,0,0,0
gIN5c4N2flPn0GrMYxKGVw,0.3333333333333333,1,0,1,0,0,0,0,0,0,0,0
vLK24sRbEUnEoB2SYUimfA,0.3333333333333333,0,0,1,0,0,0,0,0,0,0,0
dtsnh96yn64IT7sErc509g,0.3333333333333333,0,1,1,0,0,0,0,0,0,0,0
mf1udZPfiikBAND9upDdoQ,0.3333333333333333,0,1,1,0,0,0,0,0,0,0,0
28W1WtQCD5X9GxR6A7q8gA,0.3333333333333333,0,0,1,0,0,0,0,0,0,0,0
6OC8ErU_m06KABnfSXTJEA,0.0,0,0,1,0,0,0,0,0,0,0,0
WIYMl1aBJpCS1ed1e53GGw,0.3333333333333333,0,0,1,0,0,0,0,0,0,0,0
Ahiia0mDn0VYt-t6S12exA,0.3333333333333333,0,0,1,0,0,0,0,0,0,0,0
RjISdNawGnpjsewMTSGgsA,0.3333333333333333,0,1,1,0,0,0,0,0,0,0,0
nOVUeN4lQAnrwskMMJ4nEw,0.3333333333333333,0,0,1,0,0,0,0,0,0,0,0
R5nUF6qAi1tfXI0d_66nHA,0.0,1,0,0,0,0,0,0,1,0,0,0
e9qNMs_SAw68QxLgV9gz0A,0.3333333333333333,0,0,0,0,0,0,0,1,0,0,0
ccxPXzCiungnKGPjrUdw1Q,0.0,0,0,0,0,0,0,0,1,0,0,0
vBQIBNOXsVrGNWKwaYEi7Q,0.3333333333333333,1,1,0,0,0,0,0,1,0,0,0
0AthhX_KRegsRZ1YyWBB0A,0.3333333333333333,0,0,0,0,0,0,0,1,0,0,0
OjM_Q540jV0AHKCLOX7gHA,0.3333333333333333,1,0,0,0,0,0,0,1,0,0,0
3UBG2rwjgP-6ifTAuKl3Gg,0.0,1,0,0,0,0,0,0,1,0,0,0
shmNcjICpPMrbo-sjJ0mQw,0.0,0,0,0,0,0,0,0,1,0,0,0
nb4q4rKYdtgH6I8Mbm93VA,0.3333333333333333,0,1,0,0,0,0,0,1,0,0,0
eV6TASovhCCBKPksZfJ8Pg,0.3333333333333333,1,0,0,0,0,0,0,1,0,0,0
JNHEadNYIm5eY_4lTjmISQ,0.3333333333333333,1,0,0,0,0,0,0,1,0,0,0
H02FqKUcGXgZ8I-gI4CClw,0.3333333333333333,0,0,0,0,0,0,0,1,0,0,0
WDm-Z705Wp93k-46PN_g9Q,0.0,0,0,0,0,0,0,0,1,0,0,0
m8NqeSyNohkvYEZ22mKINA,0.0,0,0,0,0,0,0,0,1,0,0,0
t3uOJKilXAzO7vC2B83RZg,0.3333333333333333,0,0,0,0,0,0,0,1,0,0,0
OV99XlJv_jrAW-SDvs7OUw,0.0,0,0,0,0,0,0,0,1,0,0,0
OTNPMzKPb8LVQxX3fXJaqw,0.0,0,0,0,0,0,0,0,1,0,0,0
WoPrxjeABHKqBajEEW4HyQ,0.0,0,0,0,0,0,0,0,1,0,0,0
jyuy51CI4o4dZ9s3otZmWA,0.0,0,0,0,0,0,0,0,1,0,0,0
Jdu628pzztBv0gzQ-FC3NQ,0.3333333333333333,0,0,0,0,0,0,0,1,0,0,0
cm0bhBDPM3bjBefmEXa3BQ,0.3333333333333333,1,0,0,0,0,0,0,1,0,0,0
gbMKr0Om2E1oE5f4z0mQgg,0.3333333333333333,0,0,0,0,0,0,0,1,0,0,0
LVteL0Rnh2E_yOFCLJUPhg,0.0,0,0,0,0,0,0,0,1,0,0,0
QUtM06FGp9MyvAEzjPwbBQ,0.3333333333333333,0,1,0,0,0,0,0,1,0,0,0
DMmdMkh7sIhUHgVawGxY6g,0.3333333333333333,0,0,0,0,0,0,0,1,0,0,0
DSH4wPdivtYZHJaNGG35uw,0.3333333333333333,0,0,0,0,0,0,0,1,0,0,0
4hv1n1VBzMvE-T4UtIcOcw,0.3333333333333333,0,0,0,0,0,0,0,1,0,0,0
3ccAyGhQyN7XOcMNWvytYw,0.3333333333333333,1,0,0,0,0,0,0,1,0,0,0
dWaxiIFlz1kOgU9qzD9W4A,0.3333333333333333,0,0,0,0,0,0,0,1,0,0,0
5IL3rTT-_LHyvVJRVNKxaQ,0.3333333333333333,1,0,0,0,0,0,0,1,0,0,0
NjIJB0wNbYXg4MTlGGjTmA,0.3333333333333333,0,0,0,0,0,0,0,1,0,0,0
bwgK5d9oT2sUcvyBOsTREQ,0.3333333333333333,1,0,0,0,0,0,0,1,0,0,0
bQpgeAc4Ug8RmzGbr0OV2g,0.0,1,0,0,0,0,0,0,1,0,0,0
roc-xyyzN5b_nImb0NdRLQ,0.0,0,0,0,0,0,0,0,1,0,0,0
E0PQ4AV8cos828VUWvkbbg,0.0,0,0,0,0,0,0,0,1,0,0,0
49v1EM5ao88mJ-d79dwPVQ,0.3333333333333333,0,0,0,0,0,0,0,1,0,0,0
-rwfGlw6T5czqQO4uZGWYw,0.0,0,0,0,0,0,0,0,1,0,0,0
9wicN8U1jTdXG49anAV9JQ,0.0,0,0,0,0,0,0,0,1,0,0,0
HqmZoAaakehNqnb5mtwcow,0.0,0,0,0,0,0,0,0,1,0,0,0
LJsEHbJIqfjDwX5ODrP7Hw,0.3333333333333333,0,1,0,0,0,0,0,1,0,0,0
hlWD47o6f5UU1cmXpLGEww,0.3333333333333333,1,1,0,0,0,0,0,1,0,0,0
pCBYHV6YFKGNTkjLHBGf4A,0.0,1,0,0,0,0,0,0,1,0,0,0
32It9NN_lVismU9tcuLB0A,0.3333333333333333,1,1,0,0,0,0,0,1,0,0,0
OW4FSNBq3UAzC6gUK_xDGw,0.3333333333333333,1,1,0,0,0,0,0,1,0,0,0
gKThxS9CbVNM-58GbkRS4w,0.3333333333333333,1,1,0,0,0,0,0,1,0,0,0
aYX4LNXDU3rlvpXgpa5QWA,0.0,0,0,0,0,0,0,0,1,0,0,0
Bmoc9P_qcjuPvVzwOWIXJg,0.0,0,0,0,0,0,0,0,1,0,0,0
MnB5oYCBXbiF8VkIiyU44A,0.0,0,0,0,0,0,0,0,1,0,0,0
c5_CD_YIdwPk40chA67Uqw,0.3333333333333333,0,0,0,0,0,0,0,1,0,0,0
py2kSvhHg5B6Z9ZrLHRjuQ,0.3333333333333333,0,1,0,0,0,0,0,1,0,0,0
DThL8pJeMkpwHEIFS9QGOg,0.3333333333333333,0,0,0,0,0,0,0,1,0,0,0
c74bQOuVOCkqWsEfkgFUgg,0.0,0,1,0,0,0,0,0,1,0,0,0
g16aFG2n7xJtFzy1KpPjZA,0.0,0,0,0,0,0,0,0,1,0,0,0
_J_qd4JPH4Gtetv-Ta6W_A,0.3333333333333333,1,0,0,0,0,0,0,1,0,0,0
pDqwlUlcYZUIzRGHLYFr3g,0.0,0,0,0,0,0,0,0,1,0,0,0
bZUmx_CkQkAtFwAVqVhFrA,0.3333333333333333,0,1,0,0,0,0,0,1,0,0,0
3CsBRtDT5WOUu8IY0mHhXw,0.0,1,0,0,0,0,0,0,1,0,0,0
j0kqlcG_HluOEEFsA7WwCg,0.3333333333333333,0,1,0,0,0,0,0,1,0,0,0
QK9s-Chx69_U-M2gsPb3Gw,0.3333333333333333,1,1,0,0,0,0,0,1,0,0,0
bG_aXPwQoZoDvj5-kZIqRw,0.3333333333333333,0,0,0,0,0,0,0,1,0,0,0
-rDhWLQJ28L2ttkaftdZNQ,0.3333333333333333,0,0,0,0,0,0,0,1,0,0,0
poyBhK0An9zRo-WEt3ogjg,0.3333333333333333,0,0,0,0,0,0,0,1,0,0,0
68ThEdiK0eWCEgGEmV9Tng,0.3333333333333333,1,1,0,0,0,0,0,1,0,0,0
5vAtunQlPFkfdTI9zn4TIw,0.0,1,0,0,0,0,0,0,1,0,0,0
pTanA4AfvywjZCYWupCeug,0.0,0,0,0,0,0,0,0,1,0,0,0
8ueey6KW9crymWsjjFLr8w,0.3333333333333333,0,0,0,0,0,0,0,1,0,0,0
Z1whpjCi-3RiuBPUtdK44A,0.0,0,1,0,0,0,0,0,1,0,0,0
F0v0inbX8fjtBAEk1IUXng,0.0,0,0,0,0,0,0,0,1,0,0,0
gxipZ2126wTI7uDNLttHSA,0.3333333333333333,1,0,0,0,0,0,0,1,0,0,0
h3AI5bjSwdeT_WYbziS16g,0.3333333333333333,0,0,0,0,0,0,0,1,0,0,0
KYPhGJIibu_7ePIX4HNs6A,0.3333333333333333,1,1,0,0,0,0,0,1,0,0,0
wLMKPkH0t9kN-RLIJ26ORQ,0.3333333333333333,0,0,0,0,0,0,0,1,0,0,0
oHp9Hrzw8Pm-MaWZk7ZHNw,0.0,0,0,0,0,0,0,0,1,0,0,0
U4F7qYg2ORdgWWDPZhowug,0.0,0,0,0,0,0,0,0,1,0,0,0
ZNB73mij2iG0wfbXBazQdw,0.0,0,0,0,0,0,0,0,1,0,0,0
iRp8WsHdN1Acmp-P5Tx-mg,0.3333333333333333,0,0,0,0,0,0,0,1,0,0,0
NZ456aDOWwZQYQknRcM4rw,0.0,1,0,0,0,0,0,0,1,0,0,0
2JELyyb4MdGtrVIWD5mpfQ,0.0,0,0,0,0,0,0,0,1,0,0,0
FCq6IgIgS6VfuJe2T01GeA,0.0,0,0,0,0,0,0,0,1,0,0,0
q-zV08jt6U-q05SMEuQJAQ,0.3333333333333333,1,0,0,0,0,0,0,1,0,0,0
hZfGntDJ6SvXhcWLfkCFSg,0.3333333333333333,0,0,0,0,0,0,0,1,0,0,0
B6Cn6maWQ6sLhLwYGLhSlg,0.3333333333333333,0,0,0,0,0,0,0,1,0,0,0
cOSAFwj3NiEYFQpgheCygg,0.3333333333333333,0,0,0,0,0,0,0,1,0,0,0
vpkCctZV4_q7iUkmtdZkzQ,0.3333333333333333,0,0,0,0,0,0,0,1,0,0,0
cIPOp2B8Q8FWsf4rLdKLbA,0.0,0,0,0,0,0,0,0,1,0,0,0
Id0a0tIcGxaajMtxkQrwgQ,0.0,1,0,0,0,0,0,0,1,0,0,0
kuUgMFCIQAGFZX4rk4jj0Q,0.3333333333333333,0,0,0,0,0,0,0,1,0,0,0
Pw77mNz6cso9quMp2NwaiA,0.0,0,0,0,0,0,0,0,1,0,0,0
M_EpyAH1CZZVlhxfYBLOqg,0.3333333333333333,1,0,0,0,0,0,0,1,0,0,0
buYRcfHO-lU2LGlJ7zZUOg,0.3333333333333333,0,0,0,0,0,0,0,1,0,0,0
NyvD8Rr2T63XqC3gN-UCYA,0.3333333333333333,0,0,0,0,0,0,0,1,0,0,0
ZwkdQGbg27T1jtFSP6-ggw,0.0,1,0,0,0,0,0,0,1,0,0,0
mMpqV1aCQE7fXic5fNbefA,0.0,0,0,0,0,0,0,0,1,0,0,0
wgh4DAaFm8SfIhUtoJ5_Xw,0.0,0,0,0,0,0,0,0,1,0,0,0
xwyRa1tu9V3_JGHMiCg8Og,0.3333333333333333,0,0,0,0,0,0,0,1,0,0,0
94wTNYCNUYf5eclY8KxCcA,0.0,0,0,0,0,0,0,0,1,0,0,0
VF-xxQsEeWYwdqiGVC7L0Q,0.0,0,0,0,0,0,0,0,1,0,0,0
_wcOVX6PPvhXGMpUa2Ij8A,0.0,0,0,0,0,0,0,0,1,0,0,0
sJUe1pYicJ54xOXPDNT6hA,0.0,0,0,0,0,0,0,0,1,0,0,0
bYG90_J95h7RvZMbE4qstA,0.0,0,0,0,0,0,0,0,1,0,0,0
mi7JfdCRLfxzFG71oW0I1g,0.0,1,1,0,0,0,0,0,1,0,0,0
1ns2MWIrvR3p2-OgKpt0qQ,0.3333333333333333,1,0,0,0,0,0,0,1,0,0,0
nMDteyIwo3zLbqm45xBwFw,0.3333333333333333,1,1,0,0,0,0,0,1,0,0,0
udwnOjbK08IQPiPL_hJEyw,0.3333333333333333,0,1,0,0,0,0,0,1,0,0,0
wocwfwSFrNfYJRyfYSi1Cw,0.0,1,0,0,0,0,0,0,1,0,0,0
PxG1rLAfbvtoAWrsq5Rhog,0.0,0,0,0,0,0,0,0,1,0,0,0
AwvhobfqOJNBnbXQ_pB3pw,0.0,0,0,0,0,0,0,0,1,0,0,0
w9GI3f5z_I3h1FvJo0oc8A,0.0,0,0,0,0,0,0,0,1,0,0,0
zD7CNbDQQ67jWNOtoXLxJA,0.0,0,0,0,0,0,0,0,1,0,0,0
t81dPFSGJz1ZuaLoP0vp9w,0.3333333333333333,0,0,0,0,0,0,0,1,0,0,0
mC_m-4k9Xo1kzjSL0w7uoA,0.0,1,0,0,0,0,0,0,1,0,0,0
ZbsH2tXBjA-3v973ZsAZ_w,0.3333333333333333,0,1,0,0,0,0,0,1,0,0,0
XxvGmAlvZE-8cjDZF_39nA,0.0,0,0,0,0,0,0,0,1,0,0,0
nqMGXZ3haILky26NDAJVSA,0.3333333333333333,0,0,0,0,0,0,0,1,0,0,0
zEKvxI5F_j_dBfwRCfQloA,0.3333333333333333,0,1,0,0,0,0,0,1,0,0,0
9kYR383I5IumdKEFTAsrxQ,0.3333333333333333,0,0,0,0,0,0,0,1,0,0,0
MQx5FybfhdY8T989WhTl_g,0.0,0,0,0,0,0,0,0,1,0,0,0
wVxXRFf10zTTAs11nr4xeA,0.3333333333333333,0,0,0,0,0,0,0,1,0,0,0
ebnrEK3yNKkZE_YMVWzlvg,0.3333333333333333,0,0,0,0,0,0,0,1,0,0,0
HHBbetQ-XRQYJprT5Qp9jw,0.3333333333333333,1,0,0,0,0,0,0,1,0,0,0
e61JD2OVJn4yKS2wNZU_Mw,0.3333333333333333,1,0,0,0,0,0,0,1,0,0,0
G_h3OH7YLOH0iqW4YQU2jQ,0.3333333333333333,0,0,0,0,0,0,0,1,0,0,0
IGxrAQcqw8Mr1x9WLXQsNA,0.3333333333333333,1,1,0,0,0,0,0,1,0,0,0
Jxc2zxU6R2zSHlNEFD8Bvw,0.0,0,0,0,0,0,0,0,1,0,0,0
cSLT_5UIlQ6JKzgYklBNeQ,0.0,0,0,0,0,0,0,0,1,0,0,0
gEmVqHPesM4z0dC3nOnkUw,0.3333333333333333,0,0,0,0,0,0,0,1,0,0,0
EwfTbC1G-_v9zB-faA5x0g,0.3333333333333333,1,0,0,0,0,0,0,1,0,0,0
2Wmvi5-7LS1iw5UkOuLWlw,0.3333333333333333,1,0,0,0,0,0,0,1,0,0,0
90uXOQ0oaEaxiO-wJQkaRA,0.3333333333333333,0,0,0,0,0,0,0,1,0,0,0
cOKIKCLuUiWMUIb6Fp5N4w,0.3333333333333333,0,0,0,0,0,0,0,1,0,0,0
bIDyzk1VBkpofSORapAiew,0.0,0,0,0,0,0,0,0,1,0,0,0
U1bcnz2obSJ7TuVlDABSAQ,0.3333333333333333,0,0,0,0,0,0,0,1,0,0,0
sMdB3cNDCArRJEjb3Er1OQ,0.0,0,1,0,0,0,0,0,1,0,0,0
sEA4rp2JGOR7YE_SuoJSGQ,0.3333333333333333,0,0,0,0,0,0,0,1,0,0,0
26g6EO9eqWVsA92yomXKpw,0.0,0,0,0,0,0,0,0,1,0,0,0
y930pQM0EUblQluRLkXLQg,0.3333333333333333,0,0,0,0,0,0,0,1,0,0,0
E_DS3V_JY1caD1FU1ys2bA,0.3333333333333333,1,1,0,0,0,0,0,1,0,0,0
OH6Q425VX0lUOw9k9Wx93w,0.0,0,0,0,0,0,0,0,1,0,0,0
LxM8hN8jRG0rGhlDJhd8XA,0.3333333333333333,0,0,0,0,0,0,0,1,0,0,0
tHlEq_yvHuutJ4UxxEeMEg,0.0,0,0,0,0,0,0,0,1,0,0,0
bUnqKEP7h48ePxHMXV0fNw,0.0,0,0,0,0,0,0,0,1,0,0,0
YeJAxQZMvD0YldaDu4rQaQ,0.3333333333333333,0,0,0,0,0,0,0,1,0,0,0
RhtWU4tTmfzC-715ltmv5Q,0.3333333333333333,0,0,0,0,0,0,0,1,0,0,0
gQCKrqkalAc--4cuW_C_Ow,0.3333333333333333,0,1,0,0,0,0,0,1,0,0,0
AlHrYVvcx-RcIbUz5aEiLQ,0.3333333333333333,0,1,0,0,0,0,0,1,0,0,0
S1FwTmCAwv5ulu5gToWi_w,0.3333333333333333,1,0,0,0,0,0,0,1,0,0,0
3u5qUgOrgczTdCUhb0kKow,0.0,0,0,0,0,0,0,0,1,0,0,0
XJnTY0wG45x9GBrgfNpkCw,0.3333333333333333,1,1,0,0,0,0,0,1,0,0,0
owa7WsRu__bm-UYK6KRVkg,0.3333333333333333,0,0,0,0,0,0,0,1,0,0,0
HPVpxcwDVjgZatc4M8bEnw,0.0,0,0,0,0,0,0,0,1,0,0,0
eVnItf7xUwMn0HzRVcFY6A,0.3333333333333333,0,0,0,0,0,0,0,1,0,0,0
jjPX9UyeVpF8egi1Clh6GA,0.0,0,0,0,0,0,0,0,1,0,0,0
S87Cro7bxdUaoTJRuOZSPg,0.0,0,0,0,0,0,0,0,1,0,0,0
oLuOJ-3q8zJ-mhrwcR28eg,0.0,0,0,0,0,0,0,0,1,0,0,0
QwetkaAuAhXMaA3lYkSqoQ,0.0,0,0,0,0,0,0,0,1,0,0,0
_OScyXrme3hW0I0eAv0yOQ,0.0,1,0,0,0,0,0,0,1,0,0,0
uUZIIkBvi7-0114yAlL3vg,0.0,0,0,0,0,0,0,0,1,0,0,0
VI4p14GU7lf8mvztZzs9Xw,0.3333333333333333,0,0,0,0,0,0,0,1,0,0,0
1eCw55QfY-1c7n7wtgf93A,0.0,0,0,0,0,0,0,0,1,0,0,0
LM54ufrINJWoTN5imV8Etw,0.3333333333333333,1,0,0,0,0,0,0,1,0,0,0
qOrzaDT6Q92tVnBziWw8NA,0.3333333333333333,0,0,0,0,0,0,0,1,0,0,0
Amlv0ZznNVC-EzoAN_f_MA,0.0,0,0,0,0,0,0,0,1,0,0,0
8XzJOLIIZs_aN6GZNur-8g,0.3333333333333333,0,0,0,0,0,0,0,1,0,0,0
V7TaLZ5EB94hqRIZ1_xjGQ,0.3333333333333333,0,0,0,0,0,0,0,1,0,0,0
h1L1nOBt2P8IkfPexu0T6w,0.3333333333333333,0,1,0,0,0,0,0,1,0,0,0
MzQwSC1JAZFBpN--SqrpGw,0.3333333333333333,1,1,0,0,0,0,0,1,0,0,0
6Hqs_ncxV_SJDKvY9ISTUA,0.3333333333333333,1,0,0,0,0,0,0,1,0,0,0
LSGDvJrw_sWQQ9P-fFPhaQ,0.3333333333333333,0,0,0,0,0,0,0,1,0,0,0
a7__VvDjHpgpncosFsYArA,0.3333333333333333,0,1,0,0,0,0,0,1,0,0,0
TWk5EC3H8FT9J3VpfmWWfw,0.3333333333333333,0,0,0,0,0,0,0,1,0,0,0
k1VWscMY1JqCHNVDk-lD5w,0.0,1,0,0,0,0,0,0,1,0,0,0
qHXv-os4wfrfSPxGPgj2vg,0.3333333333333333,0,0,0,0,0,0,0,1,0,0,0
VSc5hpsT_CCt_Hvj92mbPg,0.3333333333333333,1,0,0,0,0,0,0,1,0,0,0
RXh8dnA0yZzGmRNrxgDgmg,0.3333333333333333,0,0,0,0,0,0,0,1,0,0,0
ozCkVIIAhNldop4MMnLYtQ,0.3333333333333333,0,0,0,0,0,0,0,1,0,0,0
r_T2N2tospw9zHhnX-1iAg,0.0,0,0,0,0,0,0,0,1,0,0,0
2vpflvpjxG5SbE2aSScg3Q,0.0,1,1,0,0,0,0,0,1,0,0,0
GeLIGSZSobCDxi6lvZr6mQ,0.0,0,0,0,0,0,0,0,1,0,0,0
XJilSa4Dl_kqDoTnsVPFUA,0.0,0,1,0,0,0,0,0,1,0,0,0
2vsHDnVOwO54rKCt1An3pA,0.3333333333333333,0,1,0,0,0,0,0,1,0,0,0
oW0t4UaKmQGTlyT6F9j-hg,0.3333333333333333,1,0,0,0,0,0,0,1,0,0,0
UeganzGWqaNgDC_jHWW_qQ,0.3333333333333333,1,0,0,0,0,0,0,1,0,0,0
iq0qAJ2Oc3myUTTMLseTXA,0.0,0,0,0,0,0,0,0,1,0,0,0
D5yLAET1cRsVEEGxtIeRmQ,0.3333333333333333,0,1,0,0,0,0,0,1,0,0,0
hYQe_ufTaQCDQCgNj176aA,0.3333333333333333,1,0,0,0,0,0,0,1,0,0,0
Oun4NN-u5yiHIxDqtJnxgA,0.0,0,0,0,0,0,0,0,1,0,0,0
ehHQQflMgSUX5T3PFyjBWQ,0.0,0,1,0,0,0,0,0,1,0,0,0
PcbJHYd9Lu_mL42_z1dAzw,0.3333333333333333,1,0,0,0,0,0,0,1,0,0,0
QAfl3MUVyh_LMCKTl3Q4Nw,0.3333333333333333,0,0,0,0,0,0,0,1,0,0,0
uI8-q_D1pADZy8g1R1UP6Q,0.0,0,0,0,0,0,0,0,1,0,0,0
Zwyimxd54QZ_2cykFDJ_VA,0.3333333333333333,0,0,0,0,0,0,0,1,0,0,0
hlS7wJQ650VrIZ1X0O2iOA,0.0,0,0,0,0,0,0,0,1,0,0,0
twuI1VB2L8_2MrhpswM4Kw,0.0,0,0,0,0,0,0,0,1,0,0,0
-ATiAtTikuGuqvaW2O6tNA,0.3333333333333333,1,1,0,0,0,0,0,1,0,0,0
SXQWqc8gJWaM3M1_1e90tg,0.0,0,1,0,0,0,0,0,1,0,0,0
as7hPsyLUSSiSEd2o1nErQ,0.0,0,0,0,0,0,0,0,1,0,0,0
VwVWLrakjfdXZjGwU4btgg,0.3333333333333333,1,0,0,0,0,0,0,1,0,0,0
TlE4OrfOb0ydIfSQSQIyfQ,0.3333333333333333,1,0,0,0,0,0,0,1,0,0,0
T14HIlV-byD9A_qpBmaKgA,0.3333333333333333,1,1,0,0,0,0,0,1,0,0,0
cXfQ9MqoG41RGd8oIaFxag,0.3333333333333333,0,0,0,0,0,0,0,1,0,0,0
G4mEyZGeS_4JOuAQWg2dJA,0.3333333333333333,0,0,0,0,0,0,0,1,0,0,0
VQaIkoE4CslcvNC-4qxLiA,0.3333333333333333,0,0,0,0,0,0,0,1,0,0,0
DRMEopD9Td8OoDk-JWm1Rw,0.3333333333333333,0,0,0,0,0,0,0,1,0,0,0
erObO9jRvqdnSY6uyeQTnQ,0.3333333333333333,0,0,0,0,0,0,0,1,0,0,0
WAiKFc7fEE6v9eJUzuQAqw,0.0,0,0,0,0,0,0,0,1,0,0,0
IpjTei0uwlT-bSQg-19m9Q,0.6666666666666666,0,0,0,0,0,0,0,1,0,0,0
GiSzaf49ouPSo4UGmeFgsg,0.3333333333333333,1,1,0,0,0,0,0,1,0,0,0
5SiRf11-pruaeDoF37jJAA,0.3333333333333333,1,0,0,0,0,0,0,1,0,0,0
P0QE-Q6kUqU_ydmHCIsAJg,0.0,1,0,0,0,0,0,0,1,0,0,0
KwZmVtzEuUsqNJDIvToqCQ,0.3333333333333333,0,1,0,0,0,0,0,1,0,0,0
LCrT-HiIYiTzW7tpxuiTZQ,0.0,1,0,0,0,0,0,0,1,0,0,0
RBCtHLVvc230q8zkRWIoyQ,0.3333333333333333,0,1,0,0,0,0,0,1,0,0,0
G1q1IeNbiRJL5bReBLFdzQ,0.3333333333333333,1,1,0,0,0,0,0,1,0,0,0
bIQSx2fiHMq0IgmUo4C8QQ,0.3333333333333333,1,0,0,0,0,0,0,1,0,0,0
QQicdJerPw6x4fcDdZw9gQ,0.0,0,0,0,0,0,0,0,1,0,0,0
gzJWNwa0dILVYIK7BUFwTg,0.0,1,0,0,0,0,0,0,1,0,0,0
u9ZKz1sVVkLr0qTjj3B1mQ,0.3333333333333333,1,0,0,0,0,0,0,1,0,0,0
UOzygOSJxEmfPVzNWc4qNA,0.3333333333333333,0,0,0,0,0,0,0,1,0,0,0
mzJ7BxxhLtm-TD1vyne1yg,0.3333333333333333,1,1,0,0,0,0,0,1,0,0,0
lW5DyXf2pFQ_LFTacnGsCQ,0.3333333333333333,0,0,0,0,0,0,0,1,0,0,0
eEMqe1vC53vu3bkBSkekSw,0.0,1,0,0,0,0,0,0,1,0,0,0
8-1vYscR7TNGF7LcJeNZBQ,0.0,0,0,0,0,0,0,0,1,0,0,0
CYJRj0lF120-WC3UKsuh5A,0.3333333333333333,1,1,0,0,0,0,0,1,0,0,0
tVELQMCI0485CPvgtTlMDA,0.0,1,0,0,0,0,0,0,1,0,0,0
s5nduiTPNps4_2p9ZoHDbA,0.3333333333333333,1,0,0,0,0,0,0,1,0,0,0
QyWxTsVvvqSEpU1KNblRbQ,0.0,1,0,0,0,0,0,0,1,0,0,0
3DCbl5GrBX0CH71jbSC74Q,0.3333333333333333,1,0,0,0,0,0,0,1,0,0,0
xkoMuRwlujZyQkijTtsmOg,0.0,0,0,0,0,0,0,0,1,0,0,0
Hu5fC_pfgZ6O1LTPwLQQ9w,0.6666666666666666,1,1,0,0,0,0,0,1,0,0,0
idbdC3hdsJLXT4eHazaAiQ,0.3333333333333333,0,0,0,0,0,0,0,1,0,0,0
mcKERMt08KRgYO8xvbk5zw,0.3333333333333333,0,0,0,0,0,0,0,1,0,0,0
M_pU-EdKSa3npy97cmO_5Q,0.3333333333333333,1,0,0,0,0,0,0,1,0,0,0
QEASjhfyCwbyQD2f557StA,0.3333333333333333,0,0,0,0,0,0,0,1,0,0,0
zhdJZc19FDnARtn_r9WDjA,0.0,0,0,0,0,0,0,0,1,0,0,0
vs0uV4vwkv0eKB5FIyI3ug,0.0,0,0,0,0,0,0,0,1,0,0,0
27wPl0IBJPPHkCNPzXDmnA,0.0,0,0,0,0,0,0,0,1,0,0,0
wVFy58Rt0x_ZGGLK_6VifA,0.3333333333333333,1,0,0,0,0,0,0,1,0,0,0
dkxB_I_3-63HJMmQszE0Kg,0.0,0,0,0,0,0,0,0,1,0,0,0
FGglPog_31NFIk1uISYNew,0.3333333333333333,0,0,0,0,0,0,0,1,0,0,0
o0xKesgHna2vdjT_HuIUVQ,0.3333333333333333,0,0,0,0,0,0,0,1,0,0,0
HuDNHqKv9n1mWpe4BqCnwA,0.0,0,0,0,0,0,0,0,1,0,0,0
whA2TmbaegoFnrTtFZ2i0Q,0.0,1,0,0,0,0,0,0,1,0,0,0
6x9hcZ1CJ4S9avBgPGS7-Q,0.3333333333333333,1,0,0,0,0,0,0,1,0,0,0
UvGiBbey4LfRNLDDyJ1MTA,0.3333333333333333,1,1,0,0,0,0,0,1,0,0,0
OwGM27Rr6cjByiHzL_NJYQ,0.3333333333333333,0,0,0,0,0,0,0,1,0,0,0
DsKzHnkLKnxZTVsFpts4oA,0.3333333333333333,0,1,0,0,0,0,0,1,0,0,0
6yViIhBe4Qd60a-GCDbm5w,0.0,0,1,0,0,0,0,0,1,0,0,0
0RO4HyAgoCOqbKqkspoGNg,0.3333333333333333,0,0,0,0,0,0,0,1,0,0,0
-nh_MbLmAURKEtHV4qpN3A,0.3333333333333333,0,0,0,0,0,0,0,1,0,0,0
vZaffHdIHp9qwh_23s0OkA,0.0,0,0,0,0,0,0,0,1,0,0,0
0N_HQ2GsT1zNKX-escN2ZQ,0.0,0,0,0,0,0,0,0,1,0,0,0
VvqYQ98FjO0iYpKHgu91fw,0.0,1,0,0,0,0,0,0,1,0,0,0
Ix-NE3bXbn_rKCTbNM2HEw,0.3333333333333333,0,0,0,0,0,0,0,1,0,0,0
i221dg3tgAMZLG-zeS5k3g,0.0,0,0,0,0,0,0,0,1,0,0,0
VZFQS0SXzXPuxISbAgIVBA,0.0,1,0,0,0,0,0,0,1,0,0,0
PW1lvT2bJCg8cH0ClgWnBg,0.3333333333333333,0,1,0,0,0,0,0,1,0,0,0
u-8sFq05DQ6PYCR5HiKZ2w,0.0,1,0,0,0,0,0,0,1,0,0,0
44Xh-IjWDSn7XTw1hzO50g,0.0,0,0,0,0,0,0,0,1,0,0,0
B3ge1SSk9U-baGyUSPG8MQ,0.3333333333333333,0,0,0,0,0,0,0,1,0,0,0
JfcqdhFeK3GLSiAIl7A8yw,0.3333333333333333,0,0,0,0,0,0,0,1,0,0,0
YKWo9g1-uHJv5-NDWh4uUA,0.0,0,1,0,0,0,0,0,1,0,0,0
nqGjZMGQ7ypfxn2KmyBW0g,0.0,1,0,0,0,0,0,0,1,0,0,0
zUFgmNOQqIL71lT_WKplFw,0.3333333333333333,0,0,0,0,0,0,0,1,0,0,0
7obWY9fj6AvNT4Nyfa9lPw,0.0,0,1,0,0,0,0,0,1,0,0,0
p4KaROTF8mE5ewT5gxgotQ,0.3333333333333333,1,0,0,0,0,0,0,1,0,0,0
h19gWCpOaU-oMwfybICyBw,0.0,0,0,0,0,0,0,0,1,0,0,0
QOMnxrPAMZqKZ7liT21CdQ,0.0,0,0,0,0,0,0,0,1,0,0,0
DJ2IlHhKH9dPeo3-z79Y_w,0.0,1,0,0,0,0,0,0,1,0,0,0
uj5QvIphe4ZWHBTCJRVkaQ,0.0,0,0,0,0,0,0,0,1,0,0,0
jm_6bIhR_TuciFIk5rhR7g,0.3333333333333333,1,0,0,0,0,0,0,1,0,0,0
y4xwjaoMiM-IX27KbBX1-A,0.0,0,0,0,0,0,0,0,1,0,0,0
NvOMeOZp6SC702ZqOLM4Cg,0.3333333333333333,1,0,0,0,0,0,0,1,0,0,0
K6rN4W4ErLVItpH_nIZncg,0.0,1,0,0,0,0,0,0,1,0,0,0
o996tDYd0KRgeuY9mDeAGg,0.0,0,1,0,0,0,0,0,1,0,0,0
jFAj4ZTHKukcEnFZXz2DiA,0.3333333333333333,1,0,0,0,0,0,0,1,0,0,0
oIr50siZDtDYCE_p5K8nYA,0.3333333333333333,1,0,0,0,0,0,0,1,0,0,0
l9eLGG9ZKpLJzboZq-9LRQ,0.0,0,0,0,0,0,0,0,1,0,0,0
bKNULviFM4ayuSwq809DIA,0.0,1,0,0,0,0,0,0,1,0,0,0
JomDoQafikclSVVCPkWjnA,0.0,0,0,0,0,0,0,0,1,0,0,0
zxRmQ_FWVowh8rlzLCSURQ,0.3333333333333333,0,0,0,0,0,0,0,1,0,0,0
KmL7ZYTS5xvbnI5veNZ0uw,0.0,1,0,0,0,0,0,0,1,0,0,0
9sOHuGGwb8uRVu7pANSWfg,0.0,0,0,0,0,0,0,0,1,0,0,0
CoCWZV9gvHKUZt5ndw62Ag,0.3333333333333333,1,0,0,0,0,0,0,1,0,0,0
GR7eQKhHRbVWpzRsCAMfEA,0.0,0,0,0,0,0,0,0,1,0,0,0
jOgXXZdODiH-drcJYZkDnA,0.3333333333333333,1,1,0,1,0,0,0,0,0,0,0
eJlWEpImyfDB8BBPgNcq7A,0.3333333333333333,1,1,0,1,0,0,0,0,0,0,0
ai7aDimoUMFzKmm-Kjn7qg,0.3333333333333333,1,0,0,1,0,0,0,0,0,0,0
ktMvtPI3TBkTOpSf1sTXWw,0.0,1,0,0,1,0,0,0,0,0,0,0
v7ibuvyZutqZ7pjMCH1exg,0.3333333333333333,0,1,0,1,0,0,0,0,0,0,0
My0ztUgvsTJhUhSBjI8F5g,0.3333333333333333,0,1,0,1,0,0,0,0,0,0,0
gHuMBv4kPMZ_TP8FhN8ySw,0.0,0,0,0,1,0,0,0,0,0,0,0
avB60OOVc_YOyfbz2AqL_g,0.3333333333333333,1,1,0,1,0,0,0,0,0,0,0
k1WPGl766RE5t42kD60RyQ,0.3333333333333333,1,1,0,1,0,0,0,0,0,0,0
h9GfiOchMPrz1etgz2ClLA,0.3333333333333333,0,0,0,1,0,0,0,0,0,0,0
A4lNNEM6ovL0et9hBnoDKw,0.6666666666666666,1,1,0,1,0,0,0,0,0,0,0
f37jqHSmSARVyrBOFnVD2w,0.3333333333333333,0,0,0,1,0,0,0,0,0,0,0
-nIXhxPvxST6bTuj9jo1UQ,0.3333333333333333,0,0,0,1,0,0,0,0,0,0,0
VSDdUwXktnvL_O0meKv7MQ,0.3333333333333333,1,1,0,1,0,0,0,0,0,0,0
PxhAaIaM_VmcUSTQqG5OWA,0.6666666666666666,0,1,0,1,0,0,0,0,0,0,0
n_zDBVMcBFU1bCOERIQ6HQ,0.3333333333333333,0,1,0,1,0,0,0,0,0,0,0
7QfRLE_ti1yA0NqTWKLjdw,0.3333333333333333,1,1,0,1,0,0,0,0,0,0,0
eVI64EQymywsvMLmDLX04w,0.3333333333333333,0,1,0,1,0,0,0,0,0,0,0
yvpwN5321mM3x8G2ZiEZmw,0.3333333333333333,0,1,0,1,0,0,0,0,0,0,0
bwlHQiKk7EACbEZC5T3r7g,0.3333333333333333,0,0,0,1,0,0,0,0,0,0,0
EX-ioSwVMafEBVt-xIzcxA,0.3333333333333333,0,1,0,1,0,0,0,0,0,0,0
4rMUoAD4OylA9e-ED05Zzg,0.3333333333333333,0,0,0,1,0,0,0,0,0,0,0
GaDat3DWr99YcWhPFRA5ZA,0.6666666666666666,1,1,0,1,0,0,0,0,0,0,0
osKg7baZ4O6LT4ghJuUv8Q,0.3333333333333333,0,1,0,1,0,0,0,0,0,0,0
p2LfPp--eXZQzKtMdDL2aA,0.3333333333333333,1,0,0,1,0,0,0,0,0,0,0
vrDax0Opr-CFuvwp396L0g,0.3333333333333333,0,0,0,1,0,0,0,0,0,0,0
zwd4dyQ5ovnjVojWfAuhMw,0.0,0,0,0,1,0,0,0,0,0,0,0
ETAxDtQbcCmy5ibQ5Y6Glg,0.3333333333333333,1,1,0,1,0,0,0,0,0,0,0
rZw9O5lJ36m_mXeRKE4G9A,0.3333333333333333,1,1,0,1,0,0,0,0,0,0,0
5yeL75bFLZlGB6dUfwCIQw,0.3333333333333333,1,1,0,1,0,0,0,0,0,0,0
Ay0j65KKb3sOrOFUVWs44g,0.0,0,0,0,1,0,0,0,0,0,0,0
3wxKriseiH9Isp5xmyBupw,0.3333333333333333,1,0,0,1,0,0,0,0,0,0,0
Gj5G0asdNZILROHEUEF-iQ,0.3333333333333333,0,0,0,1,0,0,0,0,0,0,0
ydMzeoGgK9WMjomKi3CWNQ,0.0,1,0,0,1,0,0,0,0,0,0,0
rMuvtl4eluKRXx77j5WEMQ,0.3333333333333333,1,0,0,1,0,0,0,0,0,0,0
Vnagnur1os0ZduOpvDH27A,0.3333333333333333,0,1,0,1,0,0,0,0,0,0,0
-cEFKAznWmI0cledNOIQ7w,0.3333333333333333,1,1,0,1,0,0,0,0,0,0,0
DT3ujxJgs_OTgC-ZYf14Fw,0.3333333333333333,1,1,0,1,0,0,0,0,0,0,0
Yu_QofgDAjn__QsMi5Wudg,0.3333333333333333,1,1,0,1,0,0,0,0,0,0,0
2pDXWt8KnncH7FEHL25NvA,0.3333333333333333,0,1,0,1,0,0,0,0,0,0,0
XBdaG2kQ2Iz9VNGPZokjYg,0.3333333333333333,0,1,0,1,0,0,0,0,0,0,0
DhZVpgeBKxoLd91MiwTxpg,0.3333333333333333,1,1,0,1,0,0,0,0,0,0,0
QVcSv47o1DT-lF4vBsQizQ,0.3333333333333333,0,1,0,1,0,0,0,0,0,0,0
ehtRUGXtMGiyjEsVTvyIKg,0.3333333333333333,0,0,0,1,0,0,0,0,0,0,0
wjemV9yGMJ93IvCkOmjxFA,0.3333333333333333,1,1,0,1,0,0,0,0,0,0,0
3i2osEy5qFjdl8ONoDeQTw,0.0,0,0,0,1,0,0,0,0,0,0,0
uAJ_rq4ZQUgERalFBO_zlQ,0.3333333333333333,0,0,0,1,0,0,0,0,0,0,0
O0bb5FOiUSiLbyKN8DR9tw,0.3333333333333333,0,0,0,1,0,0,0,0,0,0,0
qusUFFrMRrkGVoOlz3lcYA,0.0,0,0,0,1,0,0,0,0,0,0,0
Jk2UFmtR6CQO0EIy8RLtyw,0.3333333333333333,1,1,0,1,0,0,0,0,0,0,0
lwN9FutfBq81GnGWhj5Mng,0.3333333333333333,0,1,0,1,0,0,0,0,0,0,0
u5_y_iOUMjbvqSwWXIx-5A,0.6666666666666666,1,1,0,1,0,0,0,0,0,0,0
bjPUhanWoinHi2kywvVzBA,0.6666666666666666,1,1,0,1,0,0,0,0,0,0,0
JESH2uerIEORvVSmtZwYVQ,0.6666666666666666,0,1,0,1,0,0,0,0,0,0,0
UXOji-MYsS0SL_0ccTjbKQ,0.0,0,0,0,1,0,0,0,0,0,0,0
YA4OQvZFowHG4_78xis7sg,0.3333333333333333,0,0,0,1,0,0,0,0,0,0,0
Q2ovEKNEIarxX67c9u2mIA,0.3333333333333333,1,0,0,1,0,0,0,0,0,0,0
hE-6qyH8_Tsoy4so94-P3A,0.3333333333333333,1,0,0,1,0,0,0,0,0,0,0
4c2g3f516yTu4mZLbYqsmQ,0.3333333333333333,1,1,0,1,0,0,0,0,0,0,0
Gx8lLXUrtwJP2Kh95WZNBg,0.3333333333333333,1,0,0,1,0,0,0,0,0,0,0
rF0xI_3jjlsEKp3N0Z0BuQ,0.3333333333333333,1,1,0,1,0,0,0,0,0,0,0
wWLic8cT6apGZWK8wWWSQQ,0.3333333333333333,1,1,0,1,0,0,0,0,0,0,0
EEQJ6wnHD0x1OM41ldTTWg,0.3333333333333333,0,1,0,1,0,0,0,0,0,0,0
gB9c_OMjvGrn36XjHArAUQ,0.3333333333333333,0,0,0,1,0,0,0,0,0,0,0
QXGnmsKYANxOyZBqM-zlJA,0.3333333333333333,1,1,0,1,0,0,0,0,0,0,0
pf0o9mamFsNXeVNwUC61yQ,0.3333333333333333,0,1,0,1,0,0,0,0,0,0,0
_FQ-nrR--8Q1O1sYxefNug,0.3333333333333333,1,1,0,1,0,0,0,0,0,0,0
ArNDRug3p5zngNHiLivnFA,0.3333333333333333,0,0,0,1,0,0,0,0,0,0,0
okNELZ0_cx8GFyRFcHYAqg,0.3333333333333333,1,1,0,1,0,0,0,0,0,0,0
qRgeV1CMZawRblc2qjHo_g,0.0,1,0,0,0,0,1,0,0,0,0,0
9Kc8kccL0kkAyReycrr4EA,0.0,0,1,0,0,0,1,0,0,0,0,0
rNg75hKR0UIB5-jX5WiVQg,0.0,0,0,0,0,0,1,0,0,0,0,0
oOKk4ZeB-wfwhZewXE4dQg,0.3333333333333333,1,0,0,0,0,1,0,0,0,0,0
G1PbNo1yYxAu7G6b6sXZiw,0.0,0,0,0,0,0,1,0,0,0,0,0
4_u6ikFiy1MMwPA9ZDkuXQ,0.3333333333333333,0,1,0,0,0,1,0,0,0,0,0
gjFUrbSMo1rA1jgG5IhA2A,0.6666666666666666,0,1,0,0,0,1,0,0,0,0,0
V25Cq5aXcWt5ZAL5dkIQCQ,0.0,0,0,0,0,0,1,0,0,0,0,0
-Rn6U-ySYo_Lx9vCgDSooA,0.0,0,0,0,0,0,1,0,0,0,0,0
8Ck78FmeRO7W9iy1-5eCeg,0.3333333333333333,1,1,0,0,0,1,0,0,0,0,0
ceSjm0nHamTmAd1tWcuDhw,0.0,0,1,0,0,0,1,0,0,0,0,0
FUMp1kmo3ix5BstG-OW-8Q,0.3333333333333333,0,1,0,0,0,1,0,0,0,0,0
RQFk8wIcPZqfU4WL0XGCjw,0.0,1,0,0,0,0,1,0,0,0,0,0
XTVlIRK2X9XYGCv-1OiaFw,0.3333333333333333,0,0,0,0,0,1,0,0,0,0,0
SIoCIxjn4jLt2O-4DajWJw,0.3333333333333333,1,0,0,0,0,1,0,0,0,0,0
g8OyaT2RL8JCKItDExcFug,0.6666666666666666,0,1,0,0,0,1,0,0,0,0,0
WnT9NIzQgLlILjPT0kEcsQ,0.3333333333333333,0,0,0,0,0,1,0,0,0,0,0
E8jXRCHPjcUTFboBPQY6LQ,0.3333333333333333,1,0,0,0,0,1,0,0,0,0,0
KDplhtRYnHOCnuIjIGR8fA,0.3333333333333333,1,1,0,0,0,1,0,0,0,0,0
j1Dwh1vyuYfIypTt-Aeu6A,0.3333333333333333,1,0,0,0,0,1,0,0,0,0,0
lGR0o4OvxJeOB9P_sSciTg,0.6666666666666666,1,1,0,0,0,1,0,0,0,0,0
Li7WVJmLImFCfuAAMj5fsA,0.3333333333333333,1,0,0,0,0,1,0,0,0,0,0
cZ9Kaebb2Epq15_JWzPHbQ,0.0,0,0,0,0,0,1,0,0,0,0,0
1TMkNxmaJuMCZh1osxizPA,0.3333333333333333,1,0,0,0,0,1,0,0,0,0,0
qEcBKBjkuOCtcPIfcuNEIg,0.0,0,0,0,0,0,1,0,0,0,0,0
Y0I8efE0ryP1--p4NK_rbA,0.3333333333333333,1,1,0,0,0,1,0,0,0,0,0
MdqvcsCUSig-0ga4ioxn7g,0.0,1,0,0,0,0,1,0,0,0,0,0
8xuhKP08513N2W32JOMW4Q,0.3333333333333333,1,1,0,0,0,1,0,0,0,0,0
elNr6gSmjopx96cylXVnVw,0.3333333333333333,1,0,0,0,0,1,0,0,0,0,0
HFuAKE0uZ-frIMjroeA-cA,0.3333333333333333,1,0,0,0,0,1,0,0,0,0,0
CLw-I3X3X8l1V80jxPv3AA,0.3333333333333333,1,0,0,0,0,1,0,0,0,0,0
cWu31txqrvLHMCUNdmnxfQ,0.3333333333333333,1,1,0,0,0,1,0,0,0,0,0
gjALduh0HJg-xMHMm0Uz0Q,0.3333333333333333,0,1,0,0,0,1,0,0,0,0,0
ena3aLdMz2ym_OPVuTIJ2g,0.3333333333333333,0,0,0,0,0,1,0,0,0,0,0
yksAB6aQXfNRrZM0jTxyOA,0.3333333333333333,1,1,0,0,0,1,0,0,0,0,0
X4M96ni5ay9ZmqWbgQxGZw,0.3333333333333333,0,0,0,0,0,1,0,0,0,0,0
qdL-EbgoA7Gq_2u4e4YvLw,0.3333333333333333,0,0,0,0,0,1,0,0,0,0,0
a91F98AJr1tvjefU4eRv6w,0.0,0,0,0,0,0,1,0,0,0,0,0
UiuYQTP-oxhEd01qpjQszw,0.3333333333333333,1,0,0,0,0,1,0,0,0,0,0
zQPHrply2yeB1EGNnoS66A,0.0,1,0,0,0,0,1,0,0,0,0,0
GfIk-0bOXYDR8yXZkDCM0Q,0.3333333333333333,1,0,0,0,0,1,0,0,0,0,0
pWzrmh1oiU9ngWXGHKnnwQ,0.0,1,0,0,0,0,1,0,0,0,0,0
FHiltqmqYGnE0Y1NM9ZZYA,0.0,0,0,0,0,0,1,0,0,0,0,0
tju5-hhym7bAyxJsAFZoFg,0.3333333333333333,1,0,0,0,0,1,0,0,0,0,0
8HdSXgVPcZUBvaTKqlUL2A,0.3333333333333333,1,0,0,0,0,1,0,0,0,0,0
3FKIev7ZB_KE6XHL9sUJCg,0.3333333333333333,1,1,0,0,0,1,0,0,0,0,0
SvymuQGYaUSqXmvh5HiPLg,0.3333333333333333,1,1,0,0,0,1,0,0,0,0,0
X3NS8516o015Z1zcOwrqmQ,0.6666666666666666,0,1,0,0,0,1,0,0,0,0,0
A37C-01zpQty9FmxvZrxEg,0.0,1,0,0,0,0,1,0,0,0,0,0
aG7LRLXT9iLh59QT-2gaTw,0.3333333333333333,1,0,0,0,0,1,0,0,0,0,0
rjioWnWXnEbPc_0ocmoQEw,0.3333333333333333,1,0,0,0,0,1,0,0,0,0,0
tM-ObyoUno83kylE283iXw,0.3333333333333333,0,1,0,0,0,1,0,0,0,0,0
qGzAMjE4EWgKK5cpIBDY7Q,0.0,0,0,0,0,0,1,0,0,0,0,0
U3cgoW533NMhBthVOA0tNA,0.3333333333333333,0,0,0,0,0,1,0,0,0,0,0
stAPGCcWDJkNWA5u3nqa8Q,0.3333333333333333,0,0,0,0,0,1,0,0,0,0,0
gXRbpGUZeIkis-gHiPetvQ,0.3333333333333333,0,0,0,0,0,1,0,0,0,0,0
t3PkHzVTvPA8qRxKe9TIkQ,0.3333333333333333,1,1,0,0,0,1,0,0,0,0,0
Qd8J4y-NmCkhbIbFjLByXg,0.0,0,0,0,0,0,1,0,0,0,0,0
GoYSJ-YY-YwbxdgasHuq-Q,0.3333333333333333,1,1,0,0,0,1,0,0,0,0,0
aNIqkFQYtBieV7NX3343ag,0.3333333333333333,0,0,0,0,0,1,0,0,0,0,0
baF2ZFEtsIo2A1k61x3QSw,0.3333333333333333,1,1,0,0,0,1,0,0,0,0,0
MYZuMWSZ9-1q-_1fbWfvow,0.3333333333333333,0,0,0,0,0,1,0,0,0,0,0
Ma9FrtHwHi6KgtwEbQyXTA,0.0,0,0,0,0,0,1,0,0,0,0,0
wm5mQ4cSpvko9WlCq07RFw,0.0,1,0,0,0,0,1,0,0,0,0,0
EdopUxxfxqEA79Vcy_dT3g,0.3333333333333333,1,1,0,0,0,1,0,0,0,0,0
TFnGJlA5l_HDdzGDkNTdTA,0.3333333333333333,0,1,0,0,0,1,0,0,0,0,0
AmI3LIUNwsi4023hOVGu3w,0.6666666666666666,1,1,0,0,0,1,0,0,0,0,0
vpfy4_N1PozCkvk2WDE_RQ,0.3333333333333333,1,0,0,0,0,1,0,0,0,0,0
HS5CfzQ_gOJHgqwtv9rvNQ,0.3333333333333333,0,1,0,0,0,1,0,0,0,0,0
0pamUcfn0SXbuj79Y_tRiw,0.3333333333333333,1,0,0,0,0,1,0,0,0,0,0
ZYRul0i1bhOjirHED6Kd0w,0.3333333333333333,1,1,0,0,0,1,0,0,0,0,0
CGNGY8cHPfLeddV1UNVMuA,0.3333333333333333,1,1,0,0,0,1,0,0,0,0,0
Hfv00bSvms_YLkJyQ5aC1w,0.0,0,0,0,0,0,1,0,0,0,0,0
eCqXLayE2aN2CquG20nW6w,0.0,0,0,0,0,0,1,0,0,0,0,0
QHOim2XPDxt_752IDXvmrA,0.6666666666666666,1,1,0,0,0,1,0,0,0,0,0
PYUI1OJVksGUbCrteU68bw,0.3333333333333333,1,1,0,0,0,1,0,0,0,0,0
f9LsZj4pZKMLzs7SK1ySzQ,0.3333333333333333,0,0,0,0,0,1,0,0,0,0,0
dChRGpit9fM_kZK5pafNyA,0.3333333333333333,1,1,0,0,0,1,0,0,0,0,0
geFqswYwGZ_XmuSJy3DEvw,0.0,0,0,0,0,0,1,0,0,0,0,0
afsP-p_pr4ikrboB5MtUzQ,0.0,0,0,0,0,0,1,0,0,0,0,0
SOthFmZo46P9Jnbzgzn0pA,0.3333333333333333,1,1,0,0,0,1,0,0,0,0,0
guxzC4GOY1MYY5KqfItwOQ,0.3333333333333333,1,0,0,0,0,1,0,0,0,0,0
tdXYmpPzMuBzm9bN46PG3w,0.3333333333333333,1,0,0,0,0,1,0,0,0,0,0
8rR1SQZZHz9z_4MMars6jw,0.3333333333333333,1,0,0,0,0,1,0,0,0,0,0
vvPGNsRbslG1-ovtMrLmsQ,0.0,1,0,0,0,0,1,0,0,0,0,0
5DDdiTlpK6Z2fqFs4uSTQQ,0.3333333333333333,1,1,0,0,0,1,0,0,0,0,0
LkasU7-347mpSm3erAQHyA,0.3333333333333333,1,1,0,0,0,1,0,0,0,0,0
SsdCrUeZlHqqGOWTfZ95Cw,0.3333333333333333,0,1,0,0,0,1,0,0,0,0,0
0dWrbjWlPDBq3WpDq_bCxQ,0.3333333333333333,0,1,0,0,0,1,0,0,0,0,0
-5Rah4ZvWsDu4oilUZxhtw,0.3333333333333333,0,1,0,0,0,1,0,0,0,0,0
2YYN4j68YD8S8PsygtJaQA,0.3333333333333333,0,1,0,0,0,1,0,0,0,0,0
AXb5gCwqHl-_v6ZIMb1mXQ,0.3333333333333333,1,1,0,0,0,1,0,0,0,0,0
-dVBeSZxtxpHQ3XdL4E4bQ,0.3333333333333333,0,1,0,0,0,1,0,0,0,0,0
s28vCG365GHnGkWDSSsZUA,0.3333333333333333,1,1,0,0,0,1,0,0,0,0,0
zkUHHsE-ktfrNlhL6CXalQ,0.0,0,0,0,0,0,1,0,0,0,0,0
tVxL-Ygzwp8NMuxwvNmWRA,0.3333333333333333,0,0,0,0,0,1,0,0,0,0,0
2dMyN3EaNe-aijFccFbYXg,0.3333333333333333,0,0,0,0,0,1,0,0,0,0,0
7J4k_kJN32LEQ6ibixj7wg,0.3333333333333333,1,0,0,0,0,1,0,0,0,0,0
Bmh7d4yVxpgLPQ8KLcy_4Q,0.0,0,0,0,0,0,1,0,0,0,0,0
ajGUFDANNSnqUoLvZPCcPw,0.3333333333333333,1,0,0,0,0,1,0,0,0,0,0
ci-kujWfHzsg5zCcqYZLKA,0.3333333333333333,0,1,0,0,0,1,0,0,0,0,0
0ak-7uV9Nb7nF_l-mMCysA,0.0,0,0,0,0,0,1,0,0,0,0,0
n6GeIePXC0G3eS8UPGvloQ,0.6666666666666666,1,1,0,0,0,1,0,0,0,0,0
Q0pFg3ri7kt9xIxxXh7-RQ,0.6666666666666666,1,1,0,0,0,1,0,0,0,0,0
HJRpJsw7eSyKB4Wgbq5TNw,0.0,1,0,0,0,0,1,0,0,0,0,0
A0QbndhHwlqfY0McSy-xQA,0.3333333333333333,0,0,0,0,0,1,0,0,0,0,0
0JPi9cyV9i3_kDPj049_qQ,0.0,0,0,0,0,0,1,0,0,0,0,0
bUCKMsxYP3dlzm5JqzozSQ,0.0,0,0,0,0,0,1,0,0,0,0,0
3DvZac7cg3nbdC9KBCQEsw,0.3333333333333333,1,1,0,0,0,1,0,0,0,0,0
0OtQaTauMzH0JM-NwJdXdw,0.3333333333333333,0,1,0,0,0,1,0,0,0,0,0
Z0VmjWiD6t-n1_YBsYVFCQ,0.3333333333333333,1,0,0,0,0,1,0,0,0,0,0
bQHG7iFr6zBoyl25aQI01w,0.0,0,1,0,0,0,1,0,0,0,0,0
fJNSx1WOo77TmP7Bl26w_g,0.3333333333333333,1,1,0,0,0,1,0,0,0,0,0
1LUZupYFJ6CxSKU37qDSXw,0.3333333333333333,1,1,0,0,0,1,0,0,0,0,0
eS3gRY_8yxWiGzMZIdgz-A,0.3333333333333333,1,0,0,0,0,1,0,0,0,0,0
BTnkLg9-oy1YFtAOEt8WGw,0.3333333333333333,1,1,0,0,0,1,0,0,0,0,0
6WyvHRQ7ufNda7XFFGFw_Q,0.0,0,0,0,0,0,1,0,0,0,0,0
-IOWVdmqsfd02_G-nJACdQ,0.3333333333333333,1,0,0,0,0,1,0,0,0,0,0
65TDxeJI6mFStXxSqAcYWA,0.3333333333333333,0,1,0,0,0,1,0,0,0,0,0
7x6jd4kyzc4r19arTc320Q,0.3333333333333333,0,0,0,0,0,1,0,0,0,0,0
S6q5t-TGc_je8ssh06zTYw,0.3333333333333333,1,1,0,0,0,1,0,0,0,0,0
_hWHXbRKS3kD75PmoW0F0g,0.3333333333333333,0,0,0,0,0,1,0,0,0,0,0
-Bhoyo7LL97tgt9Hze0Saw,0.0,0,0,0,0,0,1,0,0,0,0,0
8QtgPszOI5-4qwizvWi5lA,0.3333333333333333,1,0,0,0,0,1,0,0,0,0,0
upkreyzHS0heQGzCtJ0aNg,0.6666666666666666,1,1,0,0,0,1,0,0,0,0,0
IAgeKx3Z3_JqMjcAOCy2dQ,0.3333333333333333,1,1,0,0,0,1,0,0,0,0,0
e3Y3hDpwHc9RmQlJtIgHuw,1.0,0,1,0,0,0,1,0,0,0,0,0
4J06--ty2Ydj1---IsArLw,0.3333333333333333,1,0,0,0,0,1,0,0,0,0,0
UMpnAG62H99at_y-J1T1tg,0.3333333333333333,1,0,0,0,0,1,0,0,0,0,0
aduPqegPuD0amg0dXtxBgA,0.3333333333333333,0,0,0,0,0,1,0,0,0,0,0
6wJgea1AH_ppd4ROTYgoVA,0.0,1,0,0,0,0,1,0,0,0,0,0
iT1SHRDcql3SGws9XQRscQ,0.3333333333333333,1,0,0,0,0,1,0,0,0,0,0
Gx6VfCz3OTtcQYfsMucMGA,0.0,0,0,0,0,0,1,0,0,0,0,0
VpnEe2jpty_M5eDMqSvZng,0.6666666666666666,1,1,0,0,0,1,0,0,0,0,0
FuyZvn7OxiJnUIXoaRnriw,0.0,0,0,0,0,0,1,0,0,0,0,0
FotR6jku5WWtm8THC4T7ig,0.3333333333333333,1,0,0,0,0,1,0,0,0,0,0
prWF6l3ukkw0zLl3tl-V-g,0.3333333333333333,1,0,0,0,0,1,0,0,0,0,0
0CPhgQAtXvxsmyFNJah16w,0.3333333333333333,1,0,0,0,0,1,0,0,0,0,0
E2-VXp6Jc29s4EHLrBtkoA,0.3333333333333333,0,0,0,0,0,1,0,0,0,0,0
h1VtfwRJ-xKTrDfy1Ql7Gg,0.3333333333333333,0,0,0,0,0,1,0,0,0,0,0
ANmX99M5KtNWi5g39TFIKw,0.3333333333333333,0,0,0,0,0,1,0,0,0,0,0
hUX1yAimviBIhb21D_KtcQ,0.3333333333333333,1,1,0,0,0,1,0,0,0,0,0
tmroquufdrXXwFx1qiXNuA,0.3333333333333333,0,1,0,0,0,1,0,0,0,0,0
rAe-1HU5Z-DuUXEbzASXDA,0.3333333333333333,1,0,0,0,0,1,0,0,0,0,0
KOGYT5fzVLYRkrn3I1t3CA,0.3333333333333333,0,1,0,0,0,1,0,0,0,0,0
YOqnRHASr8ensibyqqFmSQ,0.0,0,0,0,0,0,1,0,0,0,0,0
gyRfeBAYTAx-Nh1xIoF50Q,0.3333333333333333,0,0,0,0,0,0,0,0,0,1,0
Wx2L1IX7pN9Nom6Lb8PqNA,0.0,0,0,0,0,0,0,0,0,0,1,0
EYc-VtaD12M38OBnqFS32g,0.3333333333333333,0,0,0,0,0,0,0,0,0,1,0
rlKk3ynwimKAa70zhpAntA,0.0,0,0,0,0,0,0,0,0,0,1,0
Ur2C_YaqewfR3QWaWtJy3w,0.3333333333333333,0,0,0,0,0,0,0,0,0,1,0
ol8pa4uP3mu97ii5gvw9qg,0.6666666666666666,0,0,0,0,0,0,0,0,0,1,0
RuT4UXoJEtNGwzeZ0igeNQ,0.0,0,0,0,0,0,0,0,0,0,1,0
qAWGiUXtlA_ddhuVV5KowA,0.0,0,0,0,0,0,0,0,0,0,1,0
guZdmpNVnkO5ukrF2ONSwQ,0.3333333333333333,1,1,0,0,0,0,0,0,0,1,0
r9RdpSEb2-0SGD_UcvnDkA,0.3333333333333333,0,1,0,0,0,0,0,0,0,1,0
w_JNBcdRer2wZlKMiC4hHA,0.3333333333333333,1,1,0,0,0,0,0,0,0,1,0
rac127HhFxS1RtWA1Rf61Q,0.3333333333333333,1,0,0,0,0,0,0,0,0,1,0
RsvdfZ53KZN-IHwwAM1IOA,0.0,1,1,0,0,0,0,0,0,0,1,0
c5kcBGTi_xr32z88o8Al9Q,0.3333333333333333,0,0,0,0,0,0,0,0,0,1,0
mJ_itjZYQ_OA71q2NaWE4Q,0.0,1,0,0,0,0,0,0,0,0,1,0
EoXPPhjf617rKvEtJ-gssw,0.3333333333333333,1,0,0,0,0,0,0,0,0,1,0
Zc5KhfYODgRQWBi8JA7nbQ,0.0,0,0,0,0,0,0,0,0,0,1,0
ib6UeCrDpk2dMVWdH_mE0Q,0.3333333333333333,1,0,0,0,0,0,0,0,0,1,0
-Yy3mwrGPJ7GOUwZc7WU_g,0.0,0,0,0,0,0,0,0,0,0,1,0
jnJ1HKLavj9c917PGleRsg,0.3333333333333333,1,1,0,0,0,0,0,0,0,1,0
ffbSQaugQvO30KdGWr9qMQ,0.0,0,0,0,0,0,0,0,0,0,1,0
IKF8XeK93NsQxrXQvdGZmA,0.6666666666666666,1,1,0,0,0,0,0,0,0,1,0
V66EXhrxKanesMhoOqsORw,0.0,1,0,0,0,0,0,0,0,0,1,0
5NtlI8JSlVcDNcsstl9oeQ,0.0,1,1,0,0,0,0,0,0,0,1,0
QZLOM3T6xl7y1Q6zqoqHWg,0.3333333333333333,0,0,0,0,0,0,0,0,0,1,0
kIDTTt6Vcn6nPsZAJcDJTg,0.3333333333333333,1,0,0,0,0,0,0,0,0,1,0
pN4bu3X4Upie2fc9H7BY7Q,0.0,1,0,0,0,0,0,0,0,0,1,0
nBr6NgqcZz1GhtAngU0RSQ,0.3333333333333333,1,0,0,0,0,0,0,0,0,1,0
VtI_Pm7UjwZjxwsA-uBmWQ,0.0,0,0,0,0,0,0,0,0,0,1,0
68YMbUXLeDo28HmBbFJ1Wg,0.6666666666666666,1,1,0,0,0,0,0,0,0,1,0
6zXBmEBGqFVwTcPqmGStfw,0.3333333333333333,0,0,0,0,0,0,0,0,0,1,0
h4emxpoA_pQ-Si8fSzzLig,0.3333333333333333,0,0,0,0,0,0,0,0,0,1,0
giVJJZSjs8HEjiQB7moYUg,0.0,0,0,0,0,0,0,0,0,0,1,0
Ko6WrkU-vUngOIJG_isrzA,0.3333333333333333,1,1,0,0,0,0,0,0,0,1,0
tGgCNNHVzCPxtKE7PkBjwg,0.0,1,0,0,0,0,0,0,0,0,1,0
UdcLHHBRIxtelgbKBnhitA,0.0,0,0,0,0,0,0,0,0,0,1,0
5lUtEhbOrvBARVNI-YLgLA,0.0,0,0,0,0,0,0,0,0,0,1,0
xAG6_QRd50p3LGpq7VSPoA,0.0,1,0,0,0,0,0,0,0,0,1,0
kXmscD-bp90t4QAh0H7Dig,0.6666666666666666,1,1,0,0,0,0,0,0,0,1,0
kwsjuXKb6oLv8PbEWumhJQ,0.0,1,0,0,0,0,0,0,0,0,1,0
4qG7aFq9-45830OfYt7gCA,0.3333333333333333,1,1,0,0,0,0,0,0,0,1,0
16cCF9_aaDxIa1hO3gybKw,0.3333333333333333,0,0,0,0,0,0,0,0,0,1,0
jztTAvxtscotr6UvBqNQkg,0.3333333333333333,0,0,0,0,0,0,0,0,0,1,0
hyFzDuyOWNG2rg5GYJ2wiQ,0.3333333333333333,0,1,0,0,0,0,0,0,0,1,0
t0XZSpsqFFM5nlHHeMFNmw,0.0,1,0,0,0,0,0,0,0,0,1,0
qATSs3f4s2x_Ec8qm-xjjw,0.0,0,0,0,0,0,0,0,0,0,1,0
_snyGj46oghIWXSDcrxq1A,0.0,0,0,0,0,0,0,0,0,0,1,0
NBZCLHsYglM6jc4_G8K_bw,0.3333333333333333,0,0,0,0,0,0,0,0,0,1,0
UTVvCIMgSAbUx2stCRAJzQ,0.0,0,0,0,0,0,0,0,0,0,1,0
GXXbsAsNLGuLYTQKHb0XMw,0.3333333333333333,0,0,0,0,0,0,0,0,0,1,0
ksNOQbbUkbCUuQWmEopJqQ,0.3333333333333333,0,0,0,0,0,0,0,0,0,1,0
7gyFoLqapUSW94EI6pFekQ,0.3333333333333333,0,1,0,0,0,0,0,0,0,1,0
lPPFfaAxzyj8R3dr9kasbg,0.0,1,0,0,0,0,0,0,0,0,1,0
pSZzbCrkMwBdriYCdXLd4w,0.0,0,0,0,0,0,0,0,0,0,1,0
NKcEhIgXDxH0bhWryfN0Mg,0.3333333333333333,0,0,0,0,0,0,0,0,0,1,0
ErCpFI7z3eJc-Gun0tWVZA,0.0,0,0,0,0,0,0,0,0,0,1,0
lSZEa0IsVPWCT6Ym9NF6jw,0.0,1,0,0,0,0,0,0,0,0,1,0
E_TWqkEwtzwhrRtyDIU2nw,0.3333333333333333,0,0,0,0,0,0,0,0,0,1,0
EsQZIf_5Typ-plWtOr0DgA,0.0,0,1,0,0,0,0,0,0,0,1,0
nF5QByCz21MY0KLtSoB5KA,0.3333333333333333,1,0,0,0,0,0,0,0,0,1,0
Jy3-BMdpLm-ST5nbsVeYHw,0.3333333333333333,0,0,0,0,0,0,0,0,0,1,0
fcAaBcYFo1YqetIjs9l8Iw,0.0,0,0,0,0,0,0,0,0,0,1,0
h85b3MFPWyaopMBy8DpBpA,0.3333333333333333,0,0,0,0,0,0,0,0,0,1,0
jauOvHru-4OrA1lJ0JLLSA,0.0,1,0,0,0,0,0,0,0,0,1,0
DQdRVHYRw8bcLT6Uyt9PNg,0.0,0,0,0,0,0,0,0,0,0,1,0
dAaWxrY4le8xvTMqNjIRtw,0.3333333333333333,1,0,0,0,0,0,0,0,0,1,0
cOXc8c85Ms6dMEAJazLXHQ,0.3333333333333333,1,0,0,0,0,0,0,0,0,1,0
P2Lm1g_RztvIaH4daQsXoQ,0.3333333333333333,1,1,0,0,0,0,0,0,0,1,0
BOq6aYbFAyCYNv_7O2mIMg,0.3333333333333333,0,0,0,0,0,0,0,0,0,1,0
3M69f6Cg2CAgpEcIgoKS5A,0.0,1,0,0,0,0,0,0,0,0,1,0
LeSTO9HFrXpsr_RV_GuLTQ,0.0,1,0,0,0,0,0,0,0,0,1,0
BxfvdHqETU8jWYUjx5OL2A,0.3333333333333333,1,0,0,0,0,0,0,0,0,1,0
Og32VlJ-InIa6y_O9cgR8Q,0.0,0,0,0,0,0,0,0,0,0,1,0
gVbikTFkfFqZedpRRPZdHw,0.3333333333333333,1,0,0,0,0,0,0,0,0,1,0
SVd-qPuYJJ0c8EbhII2q6Q,0.3333333333333333,0,0,0,0,0,0,0,0,0,1,0
wMQkdK2aNMvq2xoojC98Mw,0.0,0,1,0,0,0,0,0,0,0,1,0
H8IhwR4niiBdIhJp-7fx-w,0.0,0,0,0,0,0,0,0,0,0,1,0
3MIsXwx5zVmlwzRx9UnuFQ,0.3333333333333333,0,0,0,0,0,0,0,0,0,1,0
NmzXH-HdWp-Sxdfnw3imUQ,0.3333333333333333,0,0,0,0,0,0,0,0,0,1,0
OYCMbxOnPRTfyDKIhnIV2A,0.0,0,0,0,0,0,0,0,0,0,1,0
4vy8j-L9zXXFH_wh2sVzAw,0.3333333333333333,1,0,0,0,0,0,0,0,0,1,0
GEL_vUHipc20TvmIRh-33Q,0.3333333333333333,1,0,0,0,0,0,0,0,0,1,0
ttKqW7KM06WYjQyiyUgGVQ,0.0,0,0,0,0,0,0,0,0,0,1,0
s6It5dhPEdLeiaPSXEw6aw,0.3333333333333333,0,0,0,0,0,0,0,0,0,1,0
avE-w77G7GPPhLH5ZUnx8A,0.3333333333333333,0,0,0,0,0,0,0,0,0,1,0
jsixIJGKOe4fVBIwq69-fA,0.3333333333333333,0,0,0,0,0,0,0,0,0,1,0
wE0DNA2dGzwLUTy6rxz3IQ,0.0,0,0,0,0,0,0,0,0,0,1,0
Vz6yll4aN3vovdMcGT7L6g,0.3333333333333333,0,1,0,0,0,0,0,0,0,1,0
sBtVDqQEll-83ywL6yml9g,0.3333333333333333,1,0,0,0,0,0,0,0,0,1,0
c6hhh1Kpr7iau8qMH74w2Q,0.3333333333333333,1,0,0,0,0,0,0,0,0,1,0
QkOLTKmHsr2sDWlKxNuvCw,0.3333333333333333,1,1,0,0,0,0,0,0,0,1,0
kDgbRdOh-TEInfcumtfwrA,0.0,0,0,0,0,0,0,0,0,0,1,0
6RVwHKupjKs8lyu2qDQXtw,0.0,0,0,0,0,0,0,0,0,0,1,0
KZyyoQ_nxLMyzO4d_Ts-NQ,0.0,0,0,0,0,0,0,0,0,0,1,0
shY04R-JPKuAX0hCyHBrbA,0.0,0,0,0,0,0,0,0,0,0,1,0
xPUAToEmtkJlRjIKDkpWIQ,0.0,0,0,0,0,0,0,0,0,0,1,0
2ZSnGlqj8JOWcN2bNf-3SQ,0.3333333333333333,0,0,0,0,0,0,0,0,0,1,0
4tyoxyxyCKpcRwkbyIizpw,0.3333333333333333,0,0,0,0,0,0,0,0,0,1,0
ox9L77GJ-ghsjcZlSPrZDg,0.3333333333333333,0,0,0,0,0,0,0,0,0,1,0
IXRSMV7U5D0sYJvArEbm5g,0.3333333333333333,1,1,0,0,0,0,1,0,0,0,0
UrYsjkCWx21pn1arrYq9iA,0.3333333333333333,0,1,0,0,0,0,1,0,0,0,0
JJf5kraABYVEHFX4b3I2rA,0.3333333333333333,1,0,0,0,0,0,1,0,0,0,0
AgcJCv6R9d40ByHZrDJ62A,0.3333333333333333,0,0,0,0,0,0,1,0,0,0,0
L_Rwy6oSAnMUY3NCDspxmA,0.3333333333333333,1,1,0,0,0,0,1,0,0,0,0
VN_ZDpbJ3R6F-xOJ-ndr6Q,0.3333333333333333,0,1,0,0,0,0,1,0,0,0,0
1fGaY2WlGv2l4as6UkMFrg,0.3333333333333333,1,1,0,0,0,0,1,0,0,0,0
2sp5J1TTPz9KNHmoXzEUAg,0.3333333333333333,1,0,0,0,0,0,1,0,0,0,0
Gy6tBn6lrf4AN2Gr1I8Oyg,0.3333333333333333,1,0,0,0,0,0,1,0,0,0,0
HCN3XWVqv04fws8vkC4H7w,0.3333333333333333,0,0,0,0,0,0,1,0,0,0,0
6R4McGGLgUbm1ChZCKis-A,0.0,0,0,0,0,0,0,1,0,0,0,0
zAl8dPJnqEmyImoluzXOeA,0.0,1,0,0,0,0,0,1,0,0,0,0
Ly1mDMeZh3Ih2QI46mE0Iw,0.3333333333333333,0,0,0,0,0,0,1,0,0,0,0
eMiN8nm70jjKg8izikVWDA,0.3333333333333333,1,1,0,0,0,0,1,0,0,0,0
dBMyCSVmAK4WC-o8AY03NA,0.0,0,0,0,0,0,0,1,0,0,0,0
Fr8R7mWsU-NMs_RxOdj6EQ,0.3333333333333333,0,0,0,0,0,0,1,0,0,0,0
USqzbsoYJInPPOnkcFWGWg,0.3333333333333333,0,1,0,0,0,0,1,0,0,0,0
JhAyG4TYH9sFGVGhxjHsSQ,0.3333333333333333,0,0,0,0,0,0,1,0,0,0,0
DytKODMqcvQ7MWA0NN2uNw,0.3333333333333333,1,1,0,0,0,0,1,0,0,0,0
YZK7wxr7pmkc9h2hRlpX0A,0.0,1,0,0,0,0,0,1,0,0,0,0
MOebeaXAb5uiL0BUI1AmFA,0.3333333333333333,1,0,0,0,0,0,1,0,0,0,0
GJI1ITRdwr6Ov3GVKOTZcQ,0.3333333333333333,0,1,0,0,0,0,1,0,0,0,0
lK0ClWvVzQHWIcxQAWTzMg,0.3333333333333333,0,0,0,0,0,0,1,0,0,0,0
uE_39C9Mi51XfZv68M253g,0.6666666666666666,0,1,0,0,0,0,1,0,0,0,0
xdc0TbKkHMZN3N82oeq2XA,0.6666666666666666,1,1,0,0,0,0,1,0,0,0,0
OPHGs4-Lm5b24TVToalq6Q,0.3333333333333333,1,1,0,0,0,0,1,0,0,0,0
B-O3TsBwkK3Bir3AbVlhKw,0.3333333333333333,1,0,0,0,0,0,1,0,0,0,0
XF4C6O4HWhUipPiRfjtqww,0.3333333333333333,0,0,0,0,0,0,1,0,0,0,0
a7_KZUJknqRA4DHQ3j9ofA,0.3333333333333333,0,0,0,0,0,0,1,0,0,0,0
zqZx70_E5Y_W4rjhahpJag,0.3333333333333333,0,0,0,0,0,0,1,0,0,0,0
Ezul-y-trSK8EHtcv40itQ,0.3333333333333333,1,0,0,0,0,0,1,0,0,0,0
REiAM73RkOxFqCVlEFiRWA,0.3333333333333333,1,0,0,0,0,0,1,0,0,0,0
mXI0EYsb2eCi5XU8YODSeA,0.0,0,0,0,0,0,0,1,0,0,0,0
R17gwW6zn9ilslbdvKdgsg,0.6666666666666666,0,1,0,0,0,0,1,0,0,0,0
kOmhn5Eo6AWzMVL6ALRq2Q,0.3333333333333333,1,1,0,0,0,0,1,0,0,0,0
RVUA10GgsZCJpgEoPAKwdw,0.0,1,1,0,0,0,0,1,0,0,0,0
5ezrDoezdUlJpUa5Jg6dUQ,0.3333333333333333,0,1,0,0,0,0,1,0,0,0,0
Wpw0OPtHXKo5OUGmY1rcSQ,0.3333333333333333,1,1,0,0,0,0,1,0,0,0,0
1F_lKVOdC8UN-5UOQ-FSGA,0.3333333333333333,0,1,0,0,0,0,1,0,0,0,0
PRmGQsldPV7I5uZhEEymyw,0.3333333333333333,0,1,0,0,0,0,1,0,0,0,0
wjJ4QBThuRUAz3m5-Wqxkg,0.3333333333333333,0,1,0,0,0,0,1,0,0,0,0
Al8y5FTs9tW5VsxTVy9ZMg,0.0,1,1,0,0,1,0,0,0,0,0,0
ckbvLKwjEb836t-EDKsVVg,0.3333333333333333,0,0,0,0,1,0,0,0,0,0,0
utk0M6RZXbtTYTbip40Bdw,0.3333333333333333,0,1,0,0,1,0,0,0,0,0,0
kr6FpW5rMNp_OX8Ha4j0Fw,0.3333333333333333,1,1,0,0,1,0,0,0,0,0,0
YDisPepPeWeELiVGycxOlw,0.3333333333333333,1,1,0,0,1,0,0,0,0,0,0
x3jRG95AVMBFcxVovRwIRg,0.3333333333333333,1,0,0,0,1,0,0,0,0,0,0
hljCyVrQuuYtMj2D1g5DDA,0.3333333333333333,0,1,0,0,1,0,0,0,0,0,0
xellD0NghW7cmmeIgjmEXA,0.3333333333333333,0,1,0,0,1,0,0,0,0,0,0
